source_material_code,raw_description,raw_uom,manufacturer,part_number,category_hint
BHEL-E-BOL-02441,BOLT M10X50 8.8 SS304,MTR,FAG,PN-BOL-000,BOLT
BHEL-E-BOL-02442,HEX BOLT M10X50 SS304 GR 8.8 IS 1363,SET,FAG,PN-BOL-000,BOLT
BHEL-E-BOL-02443,BOLT HEX M10 X 50 SS304 8.8 IS 1363,SET,TATA,PN-BOL-000,BOLT
BHEL-E-BOL-02444,HEX HEAD BOLT M10X50 MM SS304 GRADE 8.8,PC,SKF,PN-BOL-000,BOLT
BHEL-E-BOL-02445,FASTENER HEX BOLT M10 * 50 SS304 CLASS 8.8,SET,GENERIC,PN-BOL-000,BOLT
BHEL-E-BOL-02446,BOLT M10X50 8.8 SS304,PC,FAG,PN-BOL-000,BOLT
BHEL-E-BOL-02447,HEX BOLT M10X50 SS304 GR 8.8 IS 1363,PC,UNBRAKO,PN-BOL-000,BOLT
BHEL-E-BOL-02448,BOLT HEX M10 X 50 SS304 8.8 IS 1363,SET,HAVELS,PN-BOL-000,BOLT
BHEL-E-BOL-02449,HEX HEAD BOLT M10X50 MM SS304 GRADE 8.8,KG,FAG,PN-BOL-000,BOLT
BHEL-E-BOL-02450,FASTENER HEX BOLT M10 * 50 SS304 CLASS 8.8,MTR,SKF,PN-BOL-000,BOLT
BHEL-E-BOL-02451,BOLT M10X50 8.8 SS304,PC,TATA,PN-BOL-000,BOLT
BHEL-E-BOL-02452,HEX BOLT M10X50 SS304 GR 8.8 IS 1363,PC,GENERIC,PN-BOL-000,BOLT
BHEL-E-BOL-02453,BOLT M12X60 10.9 SS316,MTR,SKF,PN-BOL-001,BOLT
BHEL-E-BOL-02454,HEX BOLT M12X60 SS316 GR 10.9 ISO 4014,NOS,HAVELS,PN-BOL-001,BOLT
BHEL-E-BOL-02455,BOLT HEX M12 X 60 SS316 10.9 ISO 4014,PC,UNBRAKO,PN-BOL-001,BOLT
BHEL-E-BOL-02456,HEX HEAD BOLT M12X60 MM SS316 GRADE 10.9,MTR,HAVELS,PN-BOL-001,BOLT
BHEL-E-BOL-02457,FASTENER HEX BOLT M12 * 60 SS316 CLASS 10.9,MTR,HAVELS,PN-BOL-001,BOLT
BHEL-E-BOL-02458,BOLT M12X60 10.9 SS316,PC,SKF,PN-BOL-001,BOLT
BHEL-E-BOL-02459,HEX BOLT M12X60 SS316 GR 10.9 ISO 4014,MTR,HAVELS,PN-BOL-001,BOLT
BHEL-E-BOL-02460,BOLT HEX M12 X 60 SS316 10.9 ISO 4014,EA,GENERIC,PN-BOL-001,BOLT
BHEL-E-BOL-02461,HEX HEAD BOLT M12X60 MM SS316 GRADE 10.9,KG,FAG,PN-BOL-001,BOLT
BHEL-E-BOL-02462,FASTENER HEX BOLT M12 * 60 SS316 CLASS 10.9,SET,TATA,PN-BOL-001,BOLT
BHEL-E-BOL-02463,BOLT M12X60 10.9 SS316,KG,L&T,PN-BOL-001,BOLT
BHEL-E-BOL-02464,HEX BOLT M12X60 SS316 GR 10.9 ISO 4014,PC,L&T,PN-BOL-001,BOLT
BHEL-E-BOL-02465,BOLT M16X70 8.8 CARBON_STEEL,KG,FAG,PN-BOL-002,BOLT
BHEL-E-BOL-02466,HEX BOLT M16X70 CARBON_STEEL GR 8.8 DIN 931,SET,HAVELS,PN-BOL-002,BOLT
BHEL-E-BOL-02467,BOLT HEX M16 X 70 CARBON_STEEL 8.8 DIN 931,KG,TATA,PN-BOL-002,BOLT
BHEL-E-BOL-02468,HEX HEAD BOLT M16X70 MM CARBON_STEEL GRADE 8.8,PC,UNBRAKO,PN-BOL-002,BOLT
BHEL-E-BOL-02469,FASTENER HEX BOLT M16 * 70 CARBON_STEEL CLASS 8.8,PC,L&T,PN-BOL-002,BOLT
BHEL-E-BOL-02470,BOLT M16X70 8.8 CARBON_STEEL,PC,SKF,PN-BOL-002,BOLT
BHEL-E-BOL-02471,HEX BOLT M16X70 CARBON_STEEL GR 8.8 DIN 931,NOS,GENERIC,PN-BOL-002,BOLT
BHEL-E-BOL-02472,BOLT HEX M16 X 70 CARBON_STEEL 8.8 DIN 931,PC,SKF,PN-BOL-002,BOLT
BHEL-E-BOL-02473,HEX HEAD BOLT M16X70 MM CARBON_STEEL GRADE 8.8,MTR,SKF,PN-BOL-002,BOLT
BHEL-E-BOL-02474,FASTENER HEX BOLT M16 * 70 CARBON_STEEL CLASS 8.8,MTR,SKF,PN-BOL-002,BOLT
BHEL-E-BOL-02475,BOLT M16X70 8.8 CARBON_STEEL,KG,GENERIC,PN-BOL-002,BOLT
BHEL-E-BOL-02476,HEX BOLT M16X70 CARBON_STEEL GR 8.8 DIN 931,SET,HAVELS,PN-BOL-002,BOLT
BHEL-E-BOL-02477,BOLT M20X100 A2-70 SS304,SET,TATA,PN-BOL-003,BOLT
BHEL-E-BOL-02478,STUD BOLT M20X100 SS304 GR A2-70 ASME B18.31.2,KG,FAG,PN-BOL-003,BOLT
BHEL-E-BOL-02479,BOLT HEX M20 X 100 SS304 A2-70 ASME B18.31.2,MTR,HAVELS,PN-BOL-003,BOLT
BHEL-E-BOL-02480,HEX HEAD BOLT M20X100 MM SS304 GRADE A2-70,KG,L&T,PN-BOL-003,BOLT
BHEL-E-BOL-02481,FASTENER STUD BOLT M20 * 100 SS304 CLASS A2-70,MTR,TATA,PN-BOL-003,BOLT
BHEL-E-BOL-02482,BOLT M20X100 A2-70 SS304,KG,L&T,PN-BOL-003,BOLT
BHEL-E-BOL-02483,STUD BOLT M20X100 SS304 GR A2-70 ASME B18.31.2,EA,GENERIC,PN-BOL-003,BOLT
BHEL-E-BOL-02484,BOLT HEX M20 X 100 SS304 A2-70 ASME B18.31.2,MTR,L&T,PN-BOL-003,BOLT
BHEL-E-BOL-02485,HEX HEAD BOLT M20X100 MM SS304 GRADE A2-70,NOS,SKF,PN-BOL-003,BOLT
BHEL-E-BOL-02486,FASTENER STUD BOLT M20 * 100 SS304 CLASS A2-70,PC,FAG,PN-BOL-003,BOLT
BHEL-E-BOL-02487,BOLT M20X100 A2-70 SS304,EA,SKF,PN-BOL-003,BOLT
BHEL-E-BOL-02488,STUD BOLT M20X100 SS304 GR A2-70 ASME B18.31.2,PC,FAG,PN-BOL-003,BOLT
BHEL-E-BOL-02489,BOLT M8X30 12.9 ALLOY_STEEL,NOS,HAVELS,PN-BOL-004,BOLT
BHEL-E-BOL-02490,CAP SCREW M8X30 ALLOY_STEEL GR 12.9 DIN 912,EA,FAG,PN-BOL-004,BOLT
BHEL-E-BOL-02491,BOLT HEX M8 X 30 ALLOY_STEEL 12.9 DIN 912,NOS,TATA,PN-BOL-004,BOLT
BHEL-E-BOL-02492,HEX HEAD BOLT M8X30 MM ALLOY_STEEL GRADE 12.9,MTR,GENERIC,PN-BOL-004,BOLT
BHEL-E-BOL-02493,FASTENER CAP SCREW M8 * 30 ALLOY_STEEL CLASS 12.9,PC,FAG,PN-BOL-004,BOLT
BHEL-E-BOL-02494,BOLT M8X30 12.9 ALLOY_STEEL,SET,HAVELS,PN-BOL-004,BOLT
BHEL-E-BOL-02495,CAP SCREW M8X30 ALLOY_STEEL GR 12.9 DIN 912,MTR,HAVELS,PN-BOL-004,BOLT
BHEL-E-BOL-02496,BOLT HEX M8 X 30 ALLOY_STEEL 12.9 DIN 912,MTR,FAG,PN-BOL-004,BOLT
BHEL-E-BOL-02497,HEX HEAD BOLT M8X30 MM ALLOY_STEEL GRADE 12.9,PC,L&T,PN-BOL-004,BOLT
BHEL-E-BOL-02498,FASTENER CAP SCREW M8 * 30 ALLOY_STEEL CLASS 12.9,MTR,FAG,PN-BOL-004,BOLT
BHEL-E-BOL-02499,BOLT M8X30 12.9 ALLOY_STEEL,NOS,UNBRAKO,PN-BOL-004,BOLT
BHEL-E-BOL-02500,CAP SCREW M8X30 ALLOY_STEEL GR 12.9 DIN 912,KG,FAG,PN-BOL-004,BOLT
BHEL-E-PIP-02501,TUBING 4 IN SCH_40 A106_GR_B,NOS,TATA,PN-PIP-000,PIPE
BHEL-E-PIP-02502,PIPE 4 IN SCH_40 SEAMLESS A106_GR_B ASTM A106,NOS,FAG,PN-PIP-000,PIPE
BHEL-E-PIP-02503,SEAMLESS PIPE 4 IN SCH_40 A106_GR_B,SET,TATA,PN-PIP-000,PIPE
BHEL-E-PIP-02504,PIPE CS 4 IN SCH_40 SEAMLESS SPEC A106_GR_B,KG,FAG,PN-PIP-000,PIPE
BHEL-E-PIP-02505,4 IN PIPE A106_GR_B SCH_40 SEAMLESS,SET,L&T,PN-PIP-000,PIPE
BHEL-E-PIP-02506,TUBING 4 IN SCH_40 A106_GR_B,NOS,UNBRAKO,PN-PIP-000,PIPE
BHEL-E-PIP-02507,PIPE 4 IN SCH_40 SEAMLESS A106_GR_B ASTM A106,SET,L&T,PN-PIP-000,PIPE
BHEL-E-PIP-02508,SEAMLESS PIPE 4 IN SCH_40 A106_GR_B,KG,FAG,PN-PIP-000,PIPE
BHEL-E-PIP-02509,PIPE CS 4 IN SCH_40 SEAMLESS SPEC A106_GR_B,SET,TATA,PN-PIP-000,PIPE
BHEL-E-PIP-02510,4 IN PIPE A106_GR_B SCH_40 SEAMLESS,PC,TATA,PN-PIP-000,PIPE
BHEL-E-PIP-02511,TUBING 4 IN SCH_40 A106_GR_B,KG,HAVELS,PN-PIP-000,PIPE
BHEL-E-PIP-02512,PIPE 4 IN SCH_40 SEAMLESS A106_GR_B ASTM A106,EA,FAG,PN-PIP-000,PIPE
BHEL-E-PIP-02513,TUBING 4 IN SCH_80 A106_GR_B,KG,HAVELS,PN-PIP-001,PIPE
BHEL-E-PIP-02514,PIPE 4 IN SCH_80 SEAMLESS A106_GR_B ASTM A106,NOS,GENERIC,PN-PIP-001,PIPE
BHEL-E-PIP-02515,SEAMLESS PIPE 4 IN SCH_80 A106_GR_B,MTR,TATA,PN-PIP-001,PIPE
BHEL-E-PIP-02516,PIPE CS 4 IN SCH_80 SEAMLESS SPEC A106_GR_B,MTR,TATA,PN-PIP-001,PIPE
BHEL-E-PIP-02517,4 IN PIPE A106_GR_B SCH_80 SEAMLESS,EA,L&T,PN-PIP-001,PIPE
BHEL-E-PIP-02518,TUBING 4 IN SCH_80 A106_GR_B,KG,HAVELS,PN-PIP-001,PIPE
BHEL-E-PIP-02519,PIPE 4 IN SCH_80 SEAMLESS A106_GR_B ASTM A106,NOS,FAG,PN-PIP-001,PIPE
BHEL-E-PIP-02520,SEAMLESS PIPE 4 IN SCH_80 A106_GR_B,SET,SKF,PN-PIP-001,PIPE
BHEL-E-PIP-02521,PIPE CS 4 IN SCH_80 SEAMLESS SPEC A106_GR_B,PC,L&T,PN-PIP-001,PIPE
BHEL-E-PIP-02522,4 IN PIPE A106_GR_B SCH_80 SEAMLESS,SET,L&T,PN-PIP-001,PIPE
BHEL-E-PIP-02523,TUBING 4 IN SCH_80 A106_GR_B,PC,UNBRAKO,PN-PIP-001,PIPE
BHEL-E-PIP-02524,PIPE 4 IN SCH_80 SEAMLESS A106_GR_B ASTM A106,NOS,TATA,PN-PIP-001,PIPE
BHEL-E-PIP-02525,TUBING 2 IN SCH_40 A53_GR_B,KG,HAVELS,PN-PIP-002,PIPE
BHEL-E-PIP-02526,PIPE 2 IN SCH_40 ERW A53_GR_B ASTM A53,MTR,GENERIC,PN-PIP-002,PIPE
BHEL-E-PIP-02527,SEAMLESS PIPE 2 IN SCH_40 A53_GR_B,NOS,FAG,PN-PIP-002,PIPE
BHEL-E-PIP-02528,PIPE CS 2 IN SCH_40 ERW SPEC A53_GR_B,MTR,GENERIC,PN-PIP-002,PIPE
BHEL-E-PIP-02529,2 IN PIPE A53_GR_B SCH_40 ERW,KG,FAG,PN-PIP-002,PIPE
BHEL-E-PIP-02530,TUBING 2 IN SCH_40 A53_GR_B,SET,SKF,PN-PIP-002,PIPE
BHEL-E-PIP-02531,PIPE 2 IN SCH_40 ERW A53_GR_B ASTM A53,SET,UNBRAKO,PN-PIP-002,PIPE
BHEL-E-PIP-02532,SEAMLESS PIPE 2 IN SCH_40 A53_GR_B,KG,UNBRAKO,PN-PIP-002,PIPE
BHEL-E-PIP-02533,PIPE CS 2 IN SCH_40 ERW SPEC A53_GR_B,NOS,L&T,PN-PIP-002,PIPE
BHEL-E-PIP-02534,2 IN PIPE A53_GR_B SCH_40 ERW,SET,FAG,PN-PIP-002,PIPE
BHEL-E-PIP-02535,TUBING 2 IN SCH_40 A53_GR_B,SET,L&T,PN-PIP-002,PIPE
BHEL-E-PIP-02536,PIPE 2 IN SCH_40 ERW A53_GR_B ASTM A53,NOS,L&T,PN-PIP-002,PIPE
BHEL-E-PIP-02537,TUBING 6 IN SCH_80 API_5L_X52,EA,HAVELS,PN-PIP-003,PIPE
BHEL-E-PIP-02538,PIPE 6 IN SCH_80 SEAMLESS API_5L_X52 API 5L,KG,L&T,PN-PIP-003,PIPE
BHEL-E-PIP-02539,SEAMLESS PIPE 6 IN SCH_80 API_5L_X52,NOS,TATA,PN-PIP-003,PIPE
BHEL-E-PIP-02540,PIPE CS 6 IN SCH_80 SEAMLESS SPEC API_5L_X52,PC,L&T,PN-PIP-003,PIPE
BHEL-E-PIP-02541,6 IN PIPE API_5L_X52 SCH_80 SEAMLESS,PC,L&T,PN-PIP-003,PIPE
BHEL-E-PIP-02542,TUBING 6 IN SCH_80 API_5L_X52,MTR,HAVELS,PN-PIP-003,PIPE
BHEL-E-PIP-02543,PIPE 6 IN SCH_80 SEAMLESS API_5L_X52 API 5L,MTR,GENERIC,PN-PIP-003,PIPE
BHEL-E-PIP-02544,SEAMLESS PIPE 6 IN SCH_80 API_5L_X52,KG,TATA,PN-PIP-003,PIPE
BHEL-E-PIP-02545,PIPE CS 6 IN SCH_80 SEAMLESS SPEC API_5L_X52,KG,HAVELS,PN-PIP-003,PIPE
BHEL-E-PIP-02546,6 IN PIPE API_5L_X52 SCH_80 SEAMLESS,MTR,SKF,PN-PIP-003,PIPE
BHEL-E-PIP-02547,TUBING 6 IN SCH_80 API_5L_X52,NOS,FAG,PN-PIP-003,PIPE
BHEL-E-PIP-02548,PIPE 6 IN SCH_80 SEAMLESS API_5L_X52 API 5L,NOS,HAVELS,PN-PIP-003,PIPE
BHEL-E-PIP-02549,TUBING 3 IN SCH_10S SS304,EA,FAG,PN-PIP-004,PIPE
BHEL-E-PIP-02550,PIPE 3 IN SCH_10S SEAMLESS SS304 ASTM A312,SET,TATA,PN-PIP-004,PIPE
BHEL-E-PIP-02551,SEAMLESS PIPE 3 IN SCH_10S SS304,NOS,SKF,PN-PIP-004,PIPE
BHEL-E-PIP-02552,PIPE CS 3 IN SCH_10S SEAMLESS SPEC SS304,SET,TATA,PN-PIP-004,PIPE
BHEL-E-PIP-02553,3 IN PIPE SS304 SCH_10S SEAMLESS,EA,TATA,PN-PIP-004,PIPE
BHEL-E-PIP-02554,TUBING 3 IN SCH_10S SS304,PC,GENERIC,PN-PIP-004,PIPE
BHEL-E-PIP-02555,PIPE 3 IN SCH_10S SEAMLESS SS304 ASTM A312,EA,GENERIC,PN-PIP-004,PIPE
BHEL-E-PIP-02556,SEAMLESS PIPE 3 IN SCH_10S SS304,SET,HAVELS,PN-PIP-004,PIPE
BHEL-E-PIP-02557,PIPE CS 3 IN SCH_10S SEAMLESS SPEC SS304,PC,FAG,PN-PIP-004,PIPE
BHEL-E-PIP-02558,3 IN PIPE SS304 SCH_10S SEAMLESS,MTR,FAG,PN-PIP-004,PIPE
BHEL-E-PIP-02559,TUBING 3 IN SCH_10S SS304,EA,GENERIC,PN-PIP-004,PIPE
BHEL-E-PIP-02560,PIPE 3 IN SCH_10S SEAMLESS SS304 ASTM A312,PC,L&T,PN-PIP-004,PIPE
BHEL-E-BEA-02561,BRG 6205 2RS (25* 52* 15),EA,GENERIC,PN-BEA-000,BEARING
BHEL-E-BEA-02562,BEARING 6205-2RS C3 (25X52X15 MM),NOS,HAVELS,PN-BEA-000,BEARING
BHEL-E-BEA-02563,BRG DEEP GROOVE BALL 6205 2RS,SET,TATA,PN-BEA-000,BEARING
BHEL-E-BEA-02564,BALL BEARING 6205 2RS C3,MTR,FAG,PN-BEA-000,BEARING
BHEL-E-BEA-02565,BEARING 6205 2RS CLEARANCE C3,MTR,FAG,PN-BEA-000,BEARING
BHEL-E-BEA-02566,BRG 6205 2RS (25* 52* 15),KG,FAG,PN-BEA-000,BEARING
BHEL-E-BEA-02567,BEARING 6205-2RS C3 (25X52X15 MM),KG,UNBRAKO,PN-BEA-000,BEARING
BHEL-E-BEA-02568,BRG DEEP GROOVE BALL 6205 2RS,SET,TATA,PN-BEA-000,BEARING
BHEL-E-BEA-02569,BALL BEARING 6205 2RS C3,PC,L&T,PN-BEA-000,BEARING
BHEL-E-BEA-02570,BEARING 6205 2RS CLEARANCE C3,MTR,SKF,PN-BEA-000,BEARING
BHEL-E-BEA-02571,BRG 6205 2RS (25* 52* 15),MTR,SKF,PN-BEA-000,BEARING
BHEL-E-BEA-02572,BEARING 6205-2RS C3 (25X52X15 MM),PC,GENERIC,PN-BEA-000,BEARING
BHEL-E-BEA-02573,BRG 6205 ZZ (25* 52* 15),EA,FAG,PN-BEA-001,BEARING
BHEL-E-BEA-02574,BEARING 6205-ZZ C3 (25X52X15 MM),PC,GENERIC,PN-BEA-001,BEARING
BHEL-E-BEA-02575,BRG DEEP GROOVE BALL 6205 ZZ,EA,UNBRAKO,PN-BEA-001,BEARING
BHEL-E-BEA-02576,BALL BEARING 6205 ZZ C3,EA,SKF,PN-BEA-001,BEARING
BHEL-E-BEA-02577,BEARING 6205 ZZ CLEARANCE C3,KG,GENERIC,PN-BEA-001,BEARING
BHEL-E-BEA-02578,BRG 6205 ZZ (25* 52* 15),KG,HAVELS,PN-BEA-001,BEARING
BHEL-E-BEA-02579,BEARING 6205-ZZ C3 (25X52X15 MM),PC,GENERIC,PN-BEA-001,BEARING
BHEL-E-BEA-02580,BRG DEEP GROOVE BALL 6205 ZZ,KG,UNBRAKO,PN-BEA-001,BEARING
BHEL-E-BEA-02581,BALL BEARING 6205 ZZ C3,EA,TATA,PN-BEA-001,BEARING
BHEL-E-BEA-02582,BEARING 6205 ZZ CLEARANCE C3,MTR,L&T,PN-BEA-001,BEARING
BHEL-E-BEA-02583,BRG 6205 ZZ (25* 52* 15),NOS,SKF,PN-BEA-001,BEARING
BHEL-E-BEA-02584,BEARING 6205-ZZ C3 (25X52X15 MM),SET,FAG,PN-BEA-001,BEARING
BHEL-E-BEA-02585,BRG 6308 OPEN (40* 90* 23),MTR,GENERIC,PN-BEA-002,BEARING
BHEL-E-BEA-02586,BEARING 6308-OPEN CN (40X90X23 MM),PC,TATA,PN-BEA-002,BEARING
BHEL-E-BEA-02587,BRG DEEP GROOVE BALL 6308 OPEN,PC,L&T,PN-BEA-002,BEARING
BHEL-E-BEA-02588,BALL BEARING 6308 OPEN CN,PC,L&T,PN-BEA-002,BEARING
BHEL-E-BEA-02589,BEARING 6308 OPEN CLEARANCE CN,EA,FAG,PN-BEA-002,BEARING
BHEL-E-BEA-02590,BRG 6308 OPEN (40* 90* 23),NOS,SKF,PN-BEA-002,BEARING
BHEL-E-BEA-02591,BEARING 6308-OPEN CN (40X90X23 MM),EA,UNBRAKO,PN-BEA-002,BEARING
BHEL-E-BEA-02592,BRG DEEP GROOVE BALL 6308 OPEN,NOS,TATA,PN-BEA-002,BEARING
BHEL-E-BEA-02593,BALL BEARING 6308 OPEN CN,EA,SKF,PN-BEA-002,BEARING
BHEL-E-BEA-02594,BEARING 6308 OPEN CLEARANCE CN,PC,L&T,PN-BEA-002,BEARING
BHEL-E-BEA-02595,BRG 6308 OPEN (40* 90* 23),EA,UNBRAKO,PN-BEA-002,BEARING
BHEL-E-BEA-02596,BEARING 6308-OPEN CN (40X90X23 MM),SET,GENERIC,PN-BEA-002,BEARING
BHEL-E-BEA-02597,BRG 30205 OPEN (25* 52* 16.25),KG,HAVELS,PN-BEA-003,BEARING
BHEL-E-BEA-02598,BEARING 30205-OPEN CN (25X52X16.25 MM),EA,L&T,PN-BEA-003,BEARING
BHEL-E-BEA-02599,BRG DEEP GROOVE BALL 30205 OPEN,NOS,TATA,PN-BEA-003,BEARING
BHEL-E-BEA-02600,BALL BEARING 30205 OPEN CN,PC,L&T,PN-BEA-003,BEARING
BHEL-E-BEA-02601,BEARING 30205 OPEN CLEARANCE CN,NOS,HAVELS,PN-BEA-003,BEARING
BHEL-E-BEA-02602,BRG 30205 OPEN (25* 52* 16.25),SET,L&T,PN-BEA-003,BEARING
BHEL-E-BEA-02603,BEARING 30205-OPEN CN (25X52X16.25 MM),EA,L&T,PN-BEA-003,BEARING
BHEL-E-BEA-02604,BRG DEEP GROOVE BALL 30205 OPEN,KG,L&T,PN-BEA-003,BEARING
BHEL-E-BEA-02605,BALL BEARING 30205 OPEN CN,PC,HAVELS,PN-BEA-003,BEARING
BHEL-E-BEA-02606,BEARING 30205 OPEN CLEARANCE CN,SET,GENERIC,PN-BEA-003,BEARING
BHEL-E-BEA-02607,BRG 30205 OPEN (25* 52* 16.25),MTR,GENERIC,PN-BEA-003,BEARING
BHEL-E-BEA-02608,BEARING 30205-OPEN CN (25X52X16.25 MM),PC,TATA,PN-BEA-003,BEARING
BHEL-E-BEA-02609,BRG 22210 OPEN (50* 90* 23),KG,HAVELS,PN-BEA-004,BEARING
BHEL-E-BEA-02610,BEARING 22210-OPEN C3 (50X90X23 MM),KG,FAG,PN-BEA-004,BEARING
BHEL-E-BEA-02611,BRG DEEP GROOVE BALL 22210 OPEN,PC,UNBRAKO,PN-BEA-004,BEARING
BHEL-E-BEA-02612,BALL BEARING 22210 OPEN C3,SET,FAG,PN-BEA-004,BEARING
BHEL-E-BEA-02613,BEARING 22210 OPEN CLEARANCE C3,EA,FAG,PN-BEA-004,BEARING
BHEL-E-BEA-02614,BRG 22210 OPEN (50* 90* 23),MTR,UNBRAKO,PN-BEA-004,BEARING
BHEL-E-BEA-02615,BEARING 22210-OPEN C3 (50X90X23 MM),EA,UNBRAKO,PN-BEA-004,BEARING
BHEL-E-BEA-02616,BRG DEEP GROOVE BALL 22210 OPEN,SET,SKF,PN-BEA-004,BEARING
BHEL-E-BEA-02617,BALL BEARING 22210 OPEN C3,SET,HAVELS,PN-BEA-004,BEARING
BHEL-E-BEA-02618,BEARING 22210 OPEN CLEARANCE C3,KG,SKF,PN-BEA-004,BEARING
BHEL-E-BEA-02619,BRG 22210 OPEN (50* 90* 23),SET,GENERIC,PN-BEA-004,BEARING
BHEL-E-BEA-02620,BEARING 22210-OPEN C3 (50X90X23 MM),EA,UNBRAKO,PN-BEA-004,BEARING
BHEL-E-VAL-02621,FLANGED GATE VALVE 4 IN CL 150,EA,HAVELS,PN-VAL-000,VALVE
BHEL-E-VAL-02622,VALVE GATE 4 IN CLASS 150 SS304 FLANGED,KG,TATA,PN-VAL-000,VALVE
BHEL-E-VAL-02623,GATE VALVE 4 IN CL 150 SS304,PC,L&T,PN-VAL-000,VALVE
BHEL-E-VAL-02624,VLV GATE 4 IN # 150 SS304 FLANGED,SET,UNBRAKO,PN-VAL-000,VALVE
BHEL-E-VAL-02625,VALVE GATE 4 IN CLASS 150 BODY SS304,EA,UNBRAKO,PN-VAL-000,VALVE
BHEL-E-VAL-02626,FLANGED GATE VALVE 4 IN CL 150,EA,FAG,PN-VAL-000,VALVE
BHEL-E-VAL-02627,VALVE GATE 4 IN CLASS 150 SS304 FLANGED,NOS,TATA,PN-VAL-000,VALVE
BHEL-E-VAL-02628,GATE VALVE 4 IN CL 150 SS304,KG,L&T,PN-VAL-000,VALVE
BHEL-E-VAL-02629,VLV GATE 4 IN # 150 SS304 FLANGED,NOS,L&T,PN-VAL-000,VALVE
BHEL-E-VAL-02630,VALVE GATE 4 IN CLASS 150 BODY SS304,EA,HAVELS,PN-VAL-000,VALVE
BHEL-E-VAL-02631,FLANGED GATE VALVE 4 IN CL 150,PC,UNBRAKO,PN-VAL-000,VALVE
BHEL-E-VAL-02632,VALVE GATE 4 IN CLASS 150 SS304 FLANGED,MTR,HAVELS,PN-VAL-000,VALVE
BHEL-E-VAL-02633,FLANGED GATE VALVE 4 IN CL 300,NOS,L&T,PN-VAL-001,VALVE
BHEL-E-VAL-02634,VALVE GATE 4 IN CLASS 300 SS304 FLANGED,KG,FAG,PN-VAL-001,VALVE
BHEL-E-VAL-02635,GATE VALVE 4 IN CL 300 SS304,PC,FAG,PN-VAL-001,VALVE
BHEL-E-VAL-02636,VLV GATE 4 IN # 300 SS304 FLANGED,KG,UNBRAKO,PN-VAL-001,VALVE
BHEL-E-VAL-02637,VALVE GATE 4 IN CLASS 300 BODY SS304,EA,SKF,PN-VAL-001,VALVE
BHEL-E-VAL-02638,FLANGED GATE VALVE 4 IN CL 300,KG,GENERIC,PN-VAL-001,VALVE
BHEL-E-VAL-02639,VALVE GATE 4 IN CLASS 300 SS304 FLANGED,PC,TATA,PN-VAL-001,VALVE
BHEL-E-VAL-02640,GATE VALVE 4 IN CL 300 SS304,MTR,GENERIC,PN-VAL-001,VALVE
BHEL-E-VAL-02641,VLV GATE 4 IN # 300 SS304 FLANGED,KG,UNBRAKO,PN-VAL-001,VALVE
BHEL-E-VAL-02642,VALVE GATE 4 IN CLASS 300 BODY SS304,NOS,HAVELS,PN-VAL-001,VALVE
BHEL-E-VAL-02643,FLANGED GATE VALVE 4 IN CL 300,EA,L&T,PN-VAL-001,VALVE
BHEL-E-VAL-02644,VALVE GATE 4 IN CLASS 300 SS304 FLANGED,NOS,FAG,PN-VAL-001,VALVE
BHEL-E-VAL-02645,FLANGED GLOBE VALVE 2 IN CL 300,EA,FAG,PN-VAL-002,VALVE
BHEL-E-VAL-02646,VALVE GLOBE 2 IN CLASS 300 CARBON_STEEL FLANGED,MTR,FAG,PN-VAL-002,VALVE
BHEL-E-VAL-02647,GLOBE VALVE 2 IN CL 300 CARBON_STEEL,NOS,SKF,PN-VAL-002,VALVE
BHEL-E-VAL-02648,VLV GLOBE 2 IN # 300 CARBON_STEEL FLANGED,SET,L&T,PN-VAL-002,VALVE
BHEL-E-VAL-02649,VALVE GLOBE 2 IN CLASS 300 BODY CARBON_STEEL,NOS,GENERIC,PN-VAL-002,VALVE
BHEL-E-VAL-02650,FLANGED GLOBE VALVE 2 IN CL 300,EA,L&T,PN-VAL-002,VALVE
BHEL-E-VAL-02651,VALVE GLOBE 2 IN CLASS 300 CARBON_STEEL FLANGED,PC,FAG,PN-VAL-002,VALVE
BHEL-E-VAL-02652,GLOBE VALVE 2 IN CL 300 CARBON_STEEL,PC,TATA,PN-VAL-002,VALVE
BHEL-E-VAL-02653,VLV GLOBE 2 IN # 300 CARBON_STEEL FLANGED,NOS,UNBRAKO,PN-VAL-002,VALVE
BHEL-E-VAL-02654,VALVE GLOBE 2 IN CLASS 300 BODY CARBON_STEEL,SET,FAG,PN-VAL-002,VALVE
BHEL-E-VAL-02655,FLANGED GLOBE VALVE 2 IN CL 300,PC,HAVELS,PN-VAL-002,VALVE
BHEL-E-VAL-02656,VALVE GLOBE 2 IN CLASS 300 CARBON_STEEL FLANGED,NOS,FAG,PN-VAL-002,VALVE
BHEL-E-VAL-02657,FLANGED CHECK VALVE 3 IN CL 150,PC,GENERIC,PN-VAL-003,VALVE
BHEL-E-VAL-02658,VALVE CHECK 3 IN CLASS 150 SS316 FLANGED,KG,HAVELS,PN-VAL-003,VALVE
BHEL-E-VAL-02659,CHECK VALVE 3 IN CL 150 SS316,KG,TATA,PN-VAL-003,VALVE
BHEL-E-VAL-02660,VLV CHECK 3 IN # 150 SS316 FLANGED,KG,HAVELS,PN-VAL-003,VALVE
BHEL-E-VAL-02661,VALVE CHECK 3 IN CLASS 150 BODY SS316,PC,TATA,PN-VAL-003,VALVE
BHEL-E-VAL-02662,FLANGED CHECK VALVE 3 IN CL 150,NOS,HAVELS,PN-VAL-003,VALVE
BHEL-E-VAL-02663,VALVE CHECK 3 IN CLASS 150 SS316 FLANGED,NOS,L&T,PN-VAL-003,VALVE
BHEL-E-VAL-02664,CHECK VALVE 3 IN CL 150 SS316,PC,HAVELS,PN-VAL-003,VALVE
BHEL-E-VAL-02665,VLV CHECK 3 IN # 150 SS316 FLANGED,PC,HAVELS,PN-VAL-003,VALVE
BHEL-E-VAL-02666,VALVE CHECK 3 IN CLASS 150 BODY SS316,PC,GENERIC,PN-VAL-003,VALVE
BHEL-E-VAL-02667,FLANGED CHECK VALVE 3 IN CL 150,NOS,TATA,PN-VAL-003,VALVE
BHEL-E-VAL-02668,VALVE CHECK 3 IN CLASS 150 SS316 FLANGED,KG,FAG,PN-VAL-003,VALVE
BHEL-E-VAL-02669,FLANGED BALL VALVE 1 IN CL 800,EA,SKF,PN-VAL-004,VALVE
BHEL-E-VAL-02670,VALVE BALL 1 IN CLASS 800 FORGED_STEEL SOCKET_WELD,EA,L&T,PN-VAL-004,VALVE
BHEL-E-VAL-02671,BALL VALVE 1 IN CL 800 FORGED_STEEL,EA,UNBRAKO,PN-VAL-004,VALVE
BHEL-E-VAL-02672,VLV BALL 1 IN # 800 FORGED_STEEL SOCKET_WELD,SET,HAVELS,PN-VAL-004,VALVE
BHEL-E-VAL-02673,VALVE BALL 1 IN CLASS 800 BODY FORGED_STEEL,PC,UNBRAKO,PN-VAL-004,VALVE
BHEL-E-VAL-02674,FLANGED BALL VALVE 1 IN CL 800,NOS,L&T,PN-VAL-004,VALVE
BHEL-E-VAL-02675,VALVE BALL 1 IN CLASS 800 FORGED_STEEL SOCKET_WELD,NOS,SKF,PN-VAL-004,VALVE
BHEL-E-VAL-02676,BALL VALVE 1 IN CL 800 FORGED_STEEL,EA,L&T,PN-VAL-004,VALVE
BHEL-E-VAL-02677,VLV BALL 1 IN # 800 FORGED_STEEL SOCKET_WELD,SET,FAG,PN-VAL-004,VALVE
BHEL-E-VAL-02678,VALVE BALL 1 IN CLASS 800 BODY FORGED_STEEL,PC,HAVELS,PN-VAL-004,VALVE
BHEL-E-VAL-02679,FLANGED BALL VALVE 1 IN CL 800,KG,FAG,PN-VAL-004,VALVE
BHEL-E-VAL-02680,VALVE BALL 1 IN CLASS 800 FORGED_STEEL SOCKET_WELD,NOS,UNBRAKO,PN-VAL-004,VALVE
BHEL-E-GAS-02681,GASKET 4 IN 150 LB SS304,MTR,UNBRAKO,PN-GAS-000,GASKET
BHEL-E-GAS-02682,GASKET SPIRAL WOUND 4 IN CLASS 150 SS304,SET,L&T,PN-GAS-000,GASKET
BHEL-E-GAS-02683,GSKT SPIRAL WOUND 4 IN CL150 SS304,KG,TATA,PN-GAS-000,GASKET
BHEL-E-GAS-02684,SPIRAL WOUND GASKET 4 IN 150 # SS304,NOS,GENERIC,PN-GAS-000,GASKET
BHEL-E-GAS-02685,GASKET 4 IN 150 LB SS304,SET,HAVELS,PN-GAS-000,GASKET
BHEL-E-GAS-02686,GASKET 4 IN 150 LB SS304,SET,HAVELS,PN-GAS-000,GASKET
BHEL-E-GAS-02687,GASKET SPIRAL WOUND 4 IN CLASS 150 SS304,MTR,TATA,PN-GAS-000,GASKET
BHEL-E-GAS-02688,GSKT SPIRAL WOUND 4 IN CL150 SS304,EA,FAG,PN-GAS-000,GASKET
BHEL-E-GAS-02689,SPIRAL WOUND GASKET 4 IN 150 # SS304,EA,FAG,PN-GAS-000,GASKET
BHEL-E-GAS-02690,GASKET 4 IN 150 LB SS304,EA,TATA,PN-GAS-000,GASKET
BHEL-E-GAS-02691,GASKET 4 IN 150 LB SS304,KG,UNBRAKO,PN-GAS-000,GASKET
BHEL-E-GAS-02692,GASKET SPIRAL WOUND 4 IN CLASS 150 SS304,EA,HAVELS,PN-GAS-000,GASKET
BHEL-E-GAS-02693,GASKET 4 IN 300 LB SS304,MTR,HAVELS,PN-GAS-001,GASKET
BHEL-E-GAS-02694,GASKET SPIRAL WOUND 4 IN CLASS 300 SS304,MTR,GENERIC,PN-GAS-001,GASKET
BHEL-E-GAS-02695,GSKT SPIRAL WOUND 4 IN CL300 SS304,KG,HAVELS,PN-GAS-001,GASKET
BHEL-E-GAS-02696,SPIRAL WOUND GASKET 4 IN 300 # SS304,EA,TATA,PN-GAS-001,GASKET
BHEL-E-GAS-02697,GASKET 4 IN 300 LB SS304,NOS,SKF,PN-GAS-001,GASKET
BHEL-E-GAS-02698,GASKET 4 IN 300 LB SS304,PC,TATA,PN-GAS-001,GASKET
BHEL-E-GAS-02699,GASKET SPIRAL WOUND 4 IN CLASS 300 SS304,NOS,L&T,PN-GAS-001,GASKET
BHEL-E-GAS-02700,GSKT SPIRAL WOUND 4 IN CL300 SS304,PC,GENERIC,PN-GAS-001,GASKET
BHEL-E-GAS-02701,SPIRAL WOUND GASKET 4 IN 300 # SS304,EA,UNBRAKO,PN-GAS-001,GASKET
BHEL-E-GAS-02702,GASKET 4 IN 300 LB SS304,EA,GENERIC,PN-GAS-001,GASKET
BHEL-E-GAS-02703,GASKET 4 IN 300 LB SS304,EA,L&T,PN-GAS-001,GASKET
BHEL-E-GAS-02704,GASKET SPIRAL WOUND 4 IN CLASS 300 SS304,MTR,HAVELS,PN-GAS-001,GASKET
BHEL-E-GAS-02705,GASKET 2 IN 150 LB CAF,SET,SKF,PN-GAS-002,GASKET
BHEL-E-GAS-02706,GASKET FLAT RING 2 IN CLASS 150 CAF,EA,GENERIC,PN-GAS-002,GASKET
BHEL-E-GAS-02707,GSKT FLAT RING 2 IN CL150 CAF,SET,HAVELS,PN-GAS-002,GASKET
BHEL-E-GAS-02708,SPIRAL WOUND GASKET 2 IN 150 # CAF,SET,SKF,PN-GAS-002,GASKET
BHEL-E-GAS-02709,GASKET 2 IN 150 LB CAF,SET,UNBRAKO,PN-GAS-002,GASKET
BHEL-E-GAS-02710,GASKET 2 IN 150 LB CAF,KG,GENERIC,PN-GAS-002,GASKET
BHEL-E-GAS-02711,GASKET FLAT RING 2 IN CLASS 150 CAF,MTR,GENERIC,PN-GAS-002,GASKET
BHEL-E-GAS-02712,GSKT FLAT RING 2 IN CL150 CAF,MTR,TATA,PN-GAS-002,GASKET
BHEL-E-GAS-02713,SPIRAL WOUND GASKET 2 IN 150 # CAF,EA,TATA,PN-GAS-002,GASKET
BHEL-E-GAS-02714,GASKET 2 IN 150 LB CAF,KG,GENERIC,PN-GAS-002,GASKET
BHEL-E-GAS-02715,GASKET 2 IN 150 LB CAF,KG,GENERIC,PN-GAS-002,GASKET
BHEL-E-GAS-02716,GASKET FLAT RING 2 IN CLASS 150 CAF,SET,TATA,PN-GAS-002,GASKET
BHEL-E-GAS-02717,GASKET 3 IN 600 LB SS316,MTR,FAG,PN-GAS-003,GASKET
BHEL-E-GAS-02718,GASKET RTJ 3 IN CLASS 600 SS316,NOS,TATA,PN-GAS-003,GASKET
BHEL-E-GAS-02719,GSKT RTJ 3 IN CL600 SS316,KG,GENERIC,PN-GAS-003,GASKET
BHEL-E-GAS-02720,SPIRAL WOUND GASKET 3 IN 600 # SS316,PC,HAVELS,PN-GAS-003,GASKET
BHEL-E-GAS-02721,GASKET 3 IN 600 LB SS316,NOS,UNBRAKO,PN-GAS-003,GASKET
BHEL-E-GAS-02722,GASKET 3 IN 600 LB SS316,MTR,L&T,PN-GAS-003,GASKET
BHEL-E-GAS-02723,GASKET RTJ 3 IN CLASS 600 SS316,MTR,TATA,PN-GAS-003,GASKET
BHEL-E-GAS-02724,GSKT RTJ 3 IN CL600 SS316,EA,UNBRAKO,PN-GAS-003,GASKET
BHEL-E-GAS-02725,SPIRAL WOUND GASKET 3 IN 600 # SS316,KG,UNBRAKO,PN-GAS-003,GASKET
BHEL-E-GAS-02726,GASKET 3 IN 600 LB SS316,NOS,L&T,PN-GAS-003,GASKET
BHEL-E-GAS-02727,GASKET 3 IN 600 LB SS316,KG,UNBRAKO,PN-GAS-003,GASKET
BHEL-E-GAS-02728,GASKET RTJ 3 IN CLASS 600 SS316,MTR,FAG,PN-GAS-003,GASKET
BHEL-E-GAS-02729,GASKET 6 IN 150 LB EPDM,MTR,TATA,PN-GAS-004,GASKET
BHEL-E-GAS-02730,GASKET FULL FACE 6 IN CLASS 150 EPDM,NOS,UNBRAKO,PN-GAS-004,GASKET
BHEL-E-GAS-02731,GSKT FULL FACE 6 IN CL150 EPDM,MTR,TATA,PN-GAS-004,GASKET
BHEL-E-GAS-02732,SPIRAL WOUND GASKET 6 IN 150 # EPDM,NOS,L&T,PN-GAS-004,GASKET
BHEL-E-GAS-02733,GASKET 6 IN 150 LB EPDM,EA,L&T,PN-GAS-004,GASKET
BHEL-E-GAS-02734,GASKET 6 IN 150 LB EPDM,MTR,L&T,PN-GAS-004,GASKET
BHEL-E-GAS-02735,GASKET FULL FACE 6 IN CLASS 150 EPDM,NOS,TATA,PN-GAS-004,GASKET
BHEL-E-GAS-02736,GSKT FULL FACE 6 IN CL150 EPDM,EA,L&T,PN-GAS-004,GASKET
BHEL-E-GAS-02737,SPIRAL WOUND GASKET 6 IN 150 # EPDM,MTR,SKF,PN-GAS-004,GASKET
BHEL-E-GAS-02738,GASKET 6 IN 150 LB EPDM,NOS,SKF,PN-GAS-004,GASKET
BHEL-E-GAS-02739,GASKET 6 IN 150 LB EPDM,NOS,HAVELS,PN-GAS-004,GASKET
BHEL-E-GAS-02740,GASKET FULL FACE 6 IN CLASS 150 EPDM,KG,HAVELS,PN-GAS-004,GASKET
BHEL-E-CAB-02741,POWER CABLE 4C X 16 SQMM COPPER 1.1KV,EA,SKF,PN-CAB-000,CABLE
BHEL-E-CAB-02742,CABLE 4C X 16 SQMM COPPER XLPE 1.1KV ARMOURED,MTR,TATA,PN-CAB-000,CABLE
BHEL-E-CAB-02743,CBL 4 CORE 16 MM2 COPPER 1.1KV ARMOURED,KG,L&T,PN-CAB-000,CABLE
BHEL-E-CAB-02744,CABLE 4C * 16 SQMM COPPER XLPE 1.1KV,PC,GENERIC,PN-CAB-000,CABLE
BHEL-E-CAB-02745,POWER CABLE 4C X 16 SQMM COPPER 1.1KV,NOS,FAG,PN-CAB-000,CABLE
BHEL-E-CAB-02746,POWER CABLE 4C X 16 SQMM COPPER 1.1KV,NOS,TATA,PN-CAB-000,CABLE
BHEL-E-CAB-02747,CABLE 4C X 16 SQMM COPPER XLPE 1.1KV ARMOURED,MTR,SKF,PN-CAB-000,CABLE
BHEL-E-CAB-02748,CBL 4 CORE 16 MM2 COPPER 1.1KV ARMOURED,MTR,UNBRAKO,PN-CAB-000,CABLE
BHEL-E-CAB-02749,CABLE 4C * 16 SQMM COPPER XLPE 1.1KV,EA,SKF,PN-CAB-000,CABLE
BHEL-E-CAB-02750,POWER CABLE 4C X 16 SQMM COPPER 1.1KV,SET,L&T,PN-CAB-000,CABLE
BHEL-E-CAB-02751,POWER CABLE 4C X 16 SQMM COPPER 1.1KV,KG,TATA,PN-CAB-000,CABLE
BHEL-E-CAB-02752,CABLE 4C X 16 SQMM COPPER XLPE 1.1KV ARMOURED,KG,HAVELS,PN-CAB-000,CABLE
BHEL-E-CAB-02753,POWER CABLE 3.5C X 16 SQMM COPPER 1.1KV,EA,FAG,PN-CAB-001,CABLE
BHEL-E-CAB-02754,CABLE 3.5C X 16 SQMM COPPER XLPE 1.1KV ARMOURED,PC,FAG,PN-CAB-001,CABLE
BHEL-E-CAB-02755,CBL 3.5 CORE 16 MM2 COPPER 1.1KV ARMOURED,PC,FAG,PN-CAB-001,CABLE
BHEL-E-CAB-02756,CABLE 3.5C * 16 SQMM COPPER XLPE 1.1KV,KG,TATA,PN-CAB-001,CABLE
BHEL-E-CAB-02757,POWER CABLE 3.5C X 16 SQMM COPPER 1.1KV,KG,SKF,PN-CAB-001,CABLE
BHEL-E-CAB-02758,POWER CABLE 3.5C X 16 SQMM COPPER 1.1KV,KG,L&T,PN-CAB-001,CABLE
BHEL-E-CAB-02759,CABLE 3.5C X 16 SQMM COPPER XLPE 1.1KV ARMOURED,MTR,HAVELS,PN-CAB-001,CABLE
BHEL-E-CAB-02760,CBL 3.5 CORE 16 MM2 COPPER 1.1KV ARMOURED,NOS,L&T,PN-CAB-001,CABLE
BHEL-E-CAB-02761,CABLE 3.5C * 16 SQMM COPPER XLPE 1.1KV,KG,SKF,PN-CAB-001,CABLE
BHEL-E-CAB-02762,POWER CABLE 3.5C X 16 SQMM COPPER 1.1KV,EA,HAVELS,PN-CAB-001,CABLE
BHEL-E-CAB-02763,POWER CABLE 3.5C X 16 SQMM COPPER 1.1KV,NOS,SKF,PN-CAB-001,CABLE
BHEL-E-CAB-02764,CABLE 3.5C X 16 SQMM COPPER XLPE 1.1KV ARMOURED,SET,FAG,PN-CAB-001,CABLE
BHEL-E-CAB-02765,POWER CABLE 3.5C X 95 SQMM ALUMINIUM 1.1KV,KG,TATA,PN-CAB-002,CABLE
BHEL-E-CAB-02766,CABLE 3.5C X 95 SQMM ALUMINIUM XLPE 1.1KV ARMOURED,SET,SKF,PN-CAB-002,CABLE
BHEL-E-CAB-02767,CBL 3.5 CORE 95 MM2 ALUMINIUM 1.1KV ARMOURED,PC,HAVELS,PN-CAB-002,CABLE
BHEL-E-CAB-02768,CABLE 3.5C * 95 SQMM ALUMINIUM XLPE 1.1KV,NOS,SKF,PN-CAB-002,CABLE
BHEL-E-CAB-02769,POWER CABLE 3.5C X 95 SQMM ALUMINIUM 1.1KV,PC,UNBRAKO,PN-CAB-002,CABLE
BHEL-E-CAB-02770,POWER CABLE 3.5C X 95 SQMM ALUMINIUM 1.1KV,NOS,UNBRAKO,PN-CAB-002,CABLE
BHEL-E-CAB-02771,CABLE 3.5C X 95 SQMM ALUMINIUM XLPE 1.1KV ARMOURED,MTR,TATA,PN-CAB-002,CABLE
BHEL-E-CAB-02772,CBL 3.5 CORE 95 MM2 ALUMINIUM 1.1KV ARMOURED,KG,SKF,PN-CAB-002,CABLE
BHEL-E-CAB-02773,CABLE 3.5C * 95 SQMM ALUMINIUM XLPE 1.1KV,PC,FAG,PN-CAB-002,CABLE
BHEL-E-CAB-02774,POWER CABLE 3.5C X 95 SQMM ALUMINIUM 1.1KV,SET,HAVELS,PN-CAB-002,CABLE
BHEL-E-CAB-02775,POWER CABLE 3.5C X 95 SQMM ALUMINIUM 1.1KV,KG,FAG,PN-CAB-002,CABLE
BHEL-E-CAB-02776,CABLE 3.5C X 95 SQMM ALUMINIUM XLPE 1.1KV ARMOURED,PC,UNBRAKO,PN-CAB-002,CABLE
BHEL-E-CAB-02777,POWER CABLE 2C X 2.5 SQMM COPPER 1.1KV,EA,HAVELS,PN-CAB-003,CABLE
BHEL-E-CAB-02778,CABLE 2C X 2.5 SQMM COPPER PVC 1.1KV UNARMOURED,SET,FAG,PN-CAB-003,CABLE
BHEL-E-CAB-02779,CBL 2 CORE 2.5 MM2 COPPER 1.1KV UNARMOURED,MTR,HAVELS,PN-CAB-003,CABLE
BHEL-E-CAB-02780,CABLE 2C * 2.5 SQMM COPPER PVC 1.1KV,NOS,GENERIC,PN-CAB-003,CABLE
BHEL-E-CAB-02781,POWER CABLE 2C X 2.5 SQMM COPPER 1.1KV,NOS,GENERIC,PN-CAB-003,CABLE
BHEL-E-CAB-02782,POWER CABLE 2C X 2.5 SQMM COPPER 1.1KV,MTR,HAVELS,PN-CAB-003,CABLE
BHEL-E-CAB-02783,CABLE 2C X 2.5 SQMM COPPER PVC 1.1KV UNARMOURED,SET,UNBRAKO,PN-CAB-003,CABLE
BHEL-E-CAB-02784,CBL 2 CORE 2.5 MM2 COPPER 1.1KV UNARMOURED,EA,TATA,PN-CAB-003,CABLE
BHEL-E-CAB-02785,CABLE 2C * 2.5 SQMM COPPER PVC 1.1KV,KG,GENERIC,PN-CAB-003,CABLE
BHEL-E-CAB-02786,POWER CABLE 2C X 2.5 SQMM COPPER 1.1KV,MTR,TATA,PN-CAB-003,CABLE
BHEL-E-CAB-02787,POWER CABLE 2C X 2.5 SQMM COPPER 1.1KV,NOS,TATA,PN-CAB-003,CABLE
BHEL-E-CAB-02788,CABLE 2C X 2.5 SQMM COPPER PVC 1.1KV UNARMOURED,SET,UNBRAKO,PN-CAB-003,CABLE
BHEL-E-CAB-02789,POWER CABLE 3C X 185 SQMM ALUMINIUM 11KV,SET,L&T,PN-CAB-004,CABLE
BHEL-E-CAB-02790,CABLE 3C X 185 SQMM ALUMINIUM XLPE 11KV ARMOURED,SET,FAG,PN-CAB-004,CABLE
BHEL-E-CAB-02791,CBL 3 CORE 185 MM2 ALUMINIUM 11KV ARMOURED,NOS,SKF,PN-CAB-004,CABLE
BHEL-E-CAB-02792,CABLE 3C * 185 SQMM ALUMINIUM XLPE 11KV,PC,UNBRAKO,PN-CAB-004,CABLE
BHEL-E-CAB-02793,POWER CABLE 3C X 185 SQMM ALUMINIUM 11KV,EA,SKF,PN-CAB-004,CABLE
BHEL-E-CAB-02794,POWER CABLE 3C X 185 SQMM ALUMINIUM 11KV,EA,SKF,PN-CAB-004,CABLE
BHEL-E-CAB-02795,CABLE 3C X 185 SQMM ALUMINIUM XLPE 11KV ARMOURED,NOS,UNBRAKO,PN-CAB-004,CABLE
BHEL-E-CAB-02796,CBL 3 CORE 185 MM2 ALUMINIUM 11KV ARMOURED,PC,HAVELS,PN-CAB-004,CABLE
BHEL-E-CAB-02797,CABLE 3C * 185 SQMM ALUMINIUM XLPE 11KV,EA,HAVELS,PN-CAB-004,CABLE
BHEL-E-CAB-02798,POWER CABLE 3C X 185 SQMM ALUMINIUM 11KV,NOS,TATA,PN-CAB-004,CABLE
BHEL-E-CAB-02799,POWER CABLE 3C X 185 SQMM ALUMINIUM 11KV,MTR,HAVELS,PN-CAB-004,CABLE
BHEL-E-CAB-02800,CABLE 3C X 185 SQMM ALUMINIUM XLPE 11KV ARMOURED,NOS,L&T,PN-CAB-004,CABLE
