rank,organization_a,organization_b,description_a,description_b,normalized_a,normalized_b,cosine_similarity,attributes_a,attributes_b,attribute_status
1,Indian Oil Corporation Limited,Indian Oil Corporation Limited,"Anitoxidant AO 3114(1,3,5- Tris(3,5-di-tert-butyl-4- hydroxy benzyl)-s-triazine- 2,4,6-(1H,3H,5H)trione) - specialized vis- breaking chemical used for speci fic PP grade","Anitoxidant AO 3114(1,3,5-Tris(3,5-di- tert-butyl-4-hydroxy benzyl)-s-triazine-2,4,6- (1H,3H,5H)trione) - specialized vis- breaking chemical used for speci fic PP grade",ANITOXIDANT AO 3114 1 3 5- TRIS 3 5-DI-TERT-BUTYL-4- HYDROXY BENZYL -S-TRIAZINE- 2 4 6- 1H 3H 5H TRIONE - SPECIALIZED VIS- BREAKING CHEMICAL USED FOR SPECI FIC PP GRADE,ANITOXIDANT AO 3114 1 3 5-TRIS 3 5-DI- TERT-BUTYL-4-HYDROXY BENZYL -S-TRIAZINE-2 4 6- 1H 3H 5H TRIONE - SPECIALIZED VIS- BREAKING CHEMICAL USED FOR SPECI FIC PP GRADE,1.0000,"{""grade"": ""ADE""}","{""grade"": ""ADE""}",COMPATIBLE
2,Indian Oil Corporation Limited,Indian Oil Corporation Limited,"Antioxidant (AO-1330 ) - prevents polymer from degradation caused by exposure to heat, ultraviolet radiation (UV) and mechanical shear","Antioxidant (AO-1330 ) -prevents polymer from degradation caused by exposure to heat, ultraviolet radiation (UV) and mechanical shear",ANTIOXIDANT AO-1330 - PREVENTS POLYMER FROM DEGRADATION CAUSED BY EXPOSURE TO HEAT ULTRAVIOLET RADIATION UV AND MECHANICAL SHEAR,ANTIOXIDANT AO-1330 -PREVENTS POLYMER FROM DEGRADATION CAUSED BY EXPOSURE TO HEAT ULTRAVIOLET RADIATION UV AND MECHANICAL SHEAR,1.0000,{},{},UNKNOWN
3,Indian Oil Corporation Limited,Indian Oil Corporation Limited,"AO1076 (Octadecyl β – (3,5-di- tert - butyl-4-hydroxy phenyl)-propionate","AO1076 (Octadecyl β – (3,5-di- tert -butyl-4- hydroxy phenyl)- propionate",AO1076 OCTADECYL 3 5-DI- TERT - BUTYL-4-HYDROXY PHENYL -PROPIONATE,AO1076 OCTADECYL 3 5-DI- TERT -BUTYL-4- HYDROXY PHENYL - PROPIONATE,1.0000,{},{},UNKNOWN
4,Indian Oil Corporation Limited,Indian Oil Corporation Limited,"AO1076 (Octadecyl β – (3,5-di- tert - butyl-4-hydroxy phenyl)-propionate","AO1076 (Octadecyl β – (3,5-di- tert -butyl-4-hydroxy phenyl)- propionate",AO1076 OCTADECYL 3 5-DI- TERT - BUTYL-4-HYDROXY PHENYL -PROPIONATE,AO1076 OCTADECYL 3 5-DI- TERT -BUTYL-4-HYDROXY PHENYL - PROPIONATE,1.0000,{},{},UNKNOWN
5,Indian Oil Corporation Limited,Indian Oil Corporation Limited,"AO1076 (Octadecyl β – (3,5-di- tert -butyl-4- hydroxy phenyl)- propionate","AO1076 (Octadecyl β – (3,5-di- tert -butyl-4-hydroxy phenyl)- propionate",AO1076 OCTADECYL 3 5-DI- TERT -BUTYL-4- HYDROXY PHENYL - PROPIONATE,AO1076 OCTADECYL 3 5-DI- TERT -BUTYL-4-HYDROXY PHENYL - PROPIONATE,1.0000,{},{},UNKNOWN
6,Indian Oil Corporation Limited,Indian Oil Corporation Limited,"Anti Oxidant (AO 1010) Pentaerythritol tetrakis(3- (3,5-di-tert- butyl-4- hydroxyphenyl)propionate)","Anti Oxidant (AO 1010) Pentaerythritol tetrakis(3-(3,5- di-tert- butyl-4- hydroxyphenyl)propionate)",ANTI OXIDANT AO 1010 PENTAERYTHRITOL TETRAKIS 3- 3 5-DI-TERT- BUTYL-4- HYDROXYPHENYL PROPIONATE,ANTI OXIDANT AO 1010 PENTAERYTHRITOL TETRAKIS 3- 3 5- DI-TERT- BUTYL-4- HYDROXYPHENYL PROPIONATE,1.0000,{},{},UNKNOWN
7,Indian Oil Corporation Limited,Indian Oil Corporation Limited,"Anti Oxidant (AO 1010) Pentaerythritol tetrakis(3- (3,5-di-tert- butyl-4- hydroxyphenyl)propionate)","Anti Oxidant (AO 1010) Pentaerythritol tetrakis(3-(3,5-di- tert-butyl-4- hydroxyphenyl)propionate)",ANTI OXIDANT AO 1010 PENTAERYTHRITOL TETRAKIS 3- 3 5-DI-TERT- BUTYL-4- HYDROXYPHENYL PROPIONATE,ANTI OXIDANT AO 1010 PENTAERYTHRITOL TETRAKIS 3- 3 5-DI- TERT-BUTYL-4- HYDROXYPHENYL PROPIONATE,1.0000,{},{},UNKNOWN
8,Indian Oil Corporation Limited,Indian Oil Corporation Limited,"Anti Oxidant (AO 1010) Pentaerythritol tetrakis(3-(3,5- di-tert- butyl-4- hydroxyphenyl)propionate)","Anti Oxidant (AO 1010) Pentaerythritol tetrakis(3-(3,5-di- tert-butyl-4- hydroxyphenyl)propionate)",ANTI OXIDANT AO 1010 PENTAERYTHRITOL TETRAKIS 3- 3 5- DI-TERT- BUTYL-4- HYDROXYPHENYL PROPIONATE,ANTI OXIDANT AO 1010 PENTAERYTHRITOL TETRAKIS 3- 3 5-DI- TERT-BUTYL-4- HYDROXYPHENYL PROPIONATE,1.0000,{},{},UNKNOWN
9,Indian Oil Corporation Limited,Indian Oil Corporation Limited,1599+3001/1543+460 1,1599+3001/1543+4601,1599 3001 1543 460 1,1599 3001 1543 4601,0.9951,{},{},UNKNOWN
10,Indian Oil Corporation Limited,Indian Oil Corporation Limited,"Anti Oxidant (AO 1010) Pentaerythritol tetrakis(3- (3,5-di-tert- butyl-4- hydroxyphenyl)propionat e)","Anti Oxidant (AO 1010) Pentaerythritol tetrakis(3- (3,5-di-tert- butyl-4- hydroxyphenyl)propionate)",ANTI OXIDANT AO 1010 PENTAERYTHRITOL TETRAKIS 3- 3 5-DI-TERT- BUTYL-4- HYDROXYPHENYL PROPIONAT E,ANTI OXIDANT AO 1010 PENTAERYTHRITOL TETRAKIS 3- 3 5-DI-TERT- BUTYL-4- HYDROXYPHENYL PROPIONATE,0.9732,{},{},UNKNOWN
11,Indian Oil Corporation Limited,Indian Oil Corporation Limited,"Anti Oxidant (AO 1010) Pentaerythritol tetrakis(3- (3,5-di-tert- butyl-4- hydroxyphenyl)propionat e)","Anti Oxidant (AO 1010) Pentaerythritol tetrakis(3-(3,5- di-tert- butyl-4- hydroxyphenyl)propionate)",ANTI OXIDANT AO 1010 PENTAERYTHRITOL TETRAKIS 3- 3 5-DI-TERT- BUTYL-4- HYDROXYPHENYL PROPIONAT E,ANTI OXIDANT AO 1010 PENTAERYTHRITOL TETRAKIS 3- 3 5- DI-TERT- BUTYL-4- HYDROXYPHENYL PROPIONATE,0.9732,{},{},UNKNOWN
12,Indian Oil Corporation Limited,Indian Oil Corporation Limited,"Anti Oxidant (AO 1010) Pentaerythritol tetrakis(3- (3,5-di-tert- butyl-4- hydroxyphenyl)propionat e)","Anti Oxidant (AO 1010) Pentaerythritol tetrakis(3-(3,5-di- tert-butyl-4- hydroxyphenyl)propionate)",ANTI OXIDANT AO 1010 PENTAERYTHRITOL TETRAKIS 3- 3 5-DI-TERT- BUTYL-4- HYDROXYPHENYL PROPIONAT E,ANTI OXIDANT AO 1010 PENTAERYTHRITOL TETRAKIS 3- 3 5-DI- TERT-BUTYL-4- HYDROXYPHENYL PROPIONATE,0.9732,{},{},UNKNOWN
13,Indian Oil Corporation Limited,Indian Oil Corporation Limited,"Anitoxidant AO 3114(1,3,5- Tris(3,5-di-tert-butyl-4- hydroxy benzyl)-s-triazine- 2,4,6-(1H,3H,5H)trione) - specialized vis- breaking chemical used for speci fic PP grade","Antioxidant AO 3114(1,3,5-Tris(3,5- di-tert-butyl-4-hydroxy benzyl)-s- triazine-2,4,6-(1H,3H,5H)trione) - specialized vis- breaking chemical used for speci fic PP grade",ANITOXIDANT AO 3114 1 3 5- TRIS 3 5-DI-TERT-BUTYL-4- HYDROXY BENZYL -S-TRIAZINE- 2 4 6- 1H 3H 5H TRIONE - SPECIALIZED VIS- BREAKING CHEMICAL USED FOR SPECI FIC PP GRADE,ANTIOXIDANT AO 3114 1 3 5-TRIS 3 5- DI-TERT-BUTYL-4-HYDROXY BENZYL -S- TRIAZINE-2 4 6- 1H 3H 5H TRIONE - SPECIALIZED VIS- BREAKING CHEMICAL USED FOR SPECI FIC PP GRADE,0.9119,"{""grade"": ""ADE""}","{""grade"": ""ADE""}",COMPATIBLE
14,Indian Oil Corporation Limited,Indian Oil Corporation Limited,"Anitoxidant AO 3114(1,3,5-Tris(3,5-di- tert-butyl-4-hydroxy benzyl)-s-triazine-2,4,6- (1H,3H,5H)trione) - specialized vis- breaking chemical used for speci fic PP grade","Antioxidant AO 3114(1,3,5-Tris(3,5- di-tert-butyl-4-hydroxy benzyl)-s- triazine-2,4,6-(1H,3H,5H)trione) - specialized vis- breaking chemical used for speci fic PP grade",ANITOXIDANT AO 3114 1 3 5-TRIS 3 5-DI- TERT-BUTYL-4-HYDROXY BENZYL -S-TRIAZINE-2 4 6- 1H 3H 5H TRIONE - SPECIALIZED VIS- BREAKING CHEMICAL USED FOR SPECI FIC PP GRADE,ANTIOXIDANT AO 3114 1 3 5-TRIS 3 5- DI-TERT-BUTYL-4-HYDROXY BENZYL -S- TRIAZINE-2 4 6- 1H 3H 5H TRIONE - SPECIALIZED VIS- BREAKING CHEMICAL USED FOR SPECI FIC PP GRADE,0.9119,"{""grade"": ""ADE""}","{""grade"": ""ADE""}",COMPATIBLE
15,Indian Oil Corporation Limited,Indian Oil Corporation Limited,ATF (Aviation Turbine fuel) Merox catalyst – Pre impregnated activated charcoal,ATF Merox Catalyst - Pre impregnated activated charcoal,ATF AVIATION TURBINE FUEL MEROX CATALYST PRE IMPREGNATED ACTIVATED CHARCOAL,ATF MEROX CATALYST - PRE IMPREGNATED ACTIVATED CHARCOAL,0.9031,{},{},UNKNOWN
16,Indian Oil Corporation Limited,Indian Oil Corporation Limited,14.2 Kg Cylinders (Including New & Replacement),19 Kg Cylinders (Including New & Replacement),14.2 KG CYLINDERS INCLUDING NEW REPLACEMENT,19 KG CYLINDERS INCLUDING NEW REPLACEMENT,0.8898,"{""uom"": ""KG""}","{""uom"": ""KG""}",COMPATIBLE
17,Indian Oil Corporation Limited,Indian Oil Corporation Limited,6038/6017,6038/6102,6038 6017,6038 6102,0.8871,{},{},UNKNOWN
18,Indian Oil Corporation Limited,Indian Oil Corporation Limited,47.5 Kg Cylinders (Including New & Replacement),5 Kg Cylinders (Including New & Replacement),47.5 KG CYLINDERS INCLUDING NEW REPLACEMENT,5 KG CYLINDERS INCLUDING NEW REPLACEMENT,0.8812,"{""uom"": ""KG""}","{""uom"": ""KG""}",COMPATIBLE
19,Indian Oil Corporation Limited,Indian Oil Corporation Limited,API 6D Ball Valves (Nos),API 6D Valves (Nos),API 6D BALL VALVES NOS,API 6D VALVES NOS,0.8783,"{""uom"": ""NOS""}","{""uom"": ""NOS""}",COMPATIBLE
20,Indian Oil Corporation Limited,Indian Oil Corporation Limited,14.2 Kg Cylinders (Including New & Replacement),47.5 Kg Cylinders (Including New & Replacement),14.2 KG CYLINDERS INCLUDING NEW REPLACEMENT,47.5 KG CYLINDERS INCLUDING NEW REPLACEMENT,0.8771,"{""uom"": ""KG""}","{""uom"": ""KG""}",COMPATIBLE
21,Indian Oil Corporation Limited,Indian Oil Corporation Limited,1599/1613,1617/1585+1621,1599 1613,1617 1585 1621,0.8506,{},{},UNKNOWN
22,Indian Oil Corporation Limited,Indian Oil Corporation Limited,19 Kg Cylinders (Including New & Replacement),47.5 Kg Cylinders (Including New & Replacement),19 KG CYLINDERS INCLUDING NEW REPLACEMENT,47.5 KG CYLINDERS INCLUDING NEW REPLACEMENT,0.8475,"{""uom"": ""KG""}","{""uom"": ""KG""}",COMPATIBLE
23,Indian Oil Corporation Limited,Indian Oil Corporation Limited,14.2 Kg Cylinders (Including New & Replacement),5 Kg Cylinders (Including New & Replacement),14.2 KG CYLINDERS INCLUDING NEW REPLACEMENT,5 KG CYLINDERS INCLUDING NEW REPLACEMENT,0.8361,"{""uom"": ""KG""}","{""uom"": ""KG""}",COMPATIBLE
24,Indian Oil Corporation Limited,Indian Oil Corporation Limited,6012/6015,6038/6017,6012 6015,6038 6017,0.8309,{},{},UNKNOWN
25,Indian Oil Corporation Limited,Indian Oil Corporation Limited,19 Kg Cylinders (Including New & Replacement),5 Kg Cylinders (Including New & Replacement),19 KG CYLINDERS INCLUDING NEW REPLACEMENT,5 KG CYLINDERS INCLUDING NEW REPLACEMENT,0.8282,"{""uom"": ""KG""}","{""uom"": ""KG""}",COMPATIBLE
26,Indian Oil Corporation Limited,Indian Oil Corporation Limited,Rotary Evaporator,20L Automatic Rotary Evaporation System,ROTARY EVAPORATOR,20 L AUTOMATIC ROTARY EVAPORATION SYSTEM,0.8239,{},{},UNKNOWN
27,Oil India Limited,Indian Oil Corporation Limited,Rotary Evaporator,20L Automatic Rotary Evaporation System,ROTARY EVAPORATOR,20 L AUTOMATIC ROTARY EVAPORATION SYSTEM,0.8239,{},{},UNKNOWN
28,Indian Oil Corporation Limited,Indian Oil Corporation Limited,Centrifugal Pump,API 610 Centrifugal Pump,CENTRIFUGAL PUMP,API 610 CENTRIFUGAL PUMP,0.8139,{},{},UNKNOWN
29,Oil India Limited,Indian Oil Corporation Limited,Centrifugal Pump,API 610 Centrifugal Pump,CENTRIFUGAL PUMP,API 610 CENTRIFUGAL PUMP,0.8139,{},{},UNKNOWN
30,Indian Oil Corporation Limited,Indian Oil Corporation Limited,8133/8120,81621/81622/81623,8133 8120,81621 81622 81623,0.8052,{},{},UNKNOWN
