rank,organization_a,organization_b,description_a,description_b,normalized_a,normalized_b,cosine_similarity,attributes_a,attributes_b,product_type_match,standard_match,measurement_match,uom_match,attribute_status
1,Oil India Limited,Indian Oil Corporation Limited,Rotary Evaporator,20L Automatic Rotary Evaporation System,ROTARY EVAPORATOR,20 L AUTOMATIC ROTARY EVAPORATION SYSTEM,0.8239,"{""material_type"": ""rotary evaporator"", ""product_type"": ""ROTARY EVAPORATOR"", ""measurements"": []}","{""material_type"": ""evaporation system"", ""product_type"": ""EVAPORATION SYSTEM"", ""measurements"": [{""value"": 20.0, ""unit"": ""L""}]}",MISMATCH,UNKNOWN,PARTIAL,UNKNOWN,CONFLICT
2,Indian Oil Corporation Limited,Oil India Limited,Centrifugal Pump,Screw Pump,CENTRIFUGAL PUMP,SCREW PUMP,0.5340,"{""material_type"": ""centrifugal pump"", ""product_type"": ""CENTRIFUGAL PUMP"", ""measurements"": []}","{""material_type"": ""pump"", ""product_type"": ""PUMP"", ""measurements"": []}",MISMATCH,UNKNOWN,UNKNOWN,UNKNOWN,CONFLICT
3,Oil India Limited,Indian Oil Corporation Limited,Centrifugal Pump,Screw Pump,CENTRIFUGAL PUMP,SCREW PUMP,0.5340,"{""material_type"": ""centrifugal pump"", ""product_type"": ""CENTRIFUGAL PUMP"", ""measurements"": []}","{""material_type"": ""pump"", ""product_type"": ""PUMP"", ""measurements"": []}",MISMATCH,UNKNOWN,UNKNOWN,UNKNOWN,CONFLICT
4,Indian Oil Corporation Limited,Oil India Limited,Centrifugal Pump,1.5 HP Vertical Submersible Pumps,CENTRIFUGAL PUMP,1.5 HP VERTICAL SUBMERSIBLE PUMPS,0.4936,"{""material_type"": ""centrifugal pump"", ""product_type"": ""CENTRIFUGAL PUMP"", ""measurements"": []}","{""measurements"": [{""value"": 1.5, ""unit"": ""HP""}]}",UNKNOWN,UNKNOWN,PARTIAL,UNKNOWN,PARTIAL
5,Indian Oil Corporation Limited,Oil India Limited,Screw Pump,1.5 HP Vertical Submersible Pumps,SCREW PUMP,1.5 HP VERTICAL SUBMERSIBLE PUMPS,0.4804,"{""material_type"": ""pump"", ""product_type"": ""PUMP"", ""measurements"": []}","{""measurements"": [{""value"": 1.5, ""unit"": ""HP""}]}",UNKNOWN,UNKNOWN,PARTIAL,UNKNOWN,PARTIAL
6,Indian Oil Corporation Limited,Oil India Limited,Centrifugal Pump,Rotary Evaporator,CENTRIFUGAL PUMP,ROTARY EVAPORATOR,0.4638,"{""material_type"": ""centrifugal pump"", ""product_type"": ""CENTRIFUGAL PUMP"", ""measurements"": []}","{""material_type"": ""rotary evaporator"", ""product_type"": ""ROTARY EVAPORATOR"", ""measurements"": []}",MISMATCH,UNKNOWN,UNKNOWN,UNKNOWN,CONFLICT
7,Oil India Limited,Indian Oil Corporation Limited,Centrifugal Pump,Rotary Evaporator,CENTRIFUGAL PUMP,ROTARY EVAPORATOR,0.4638,"{""material_type"": ""centrifugal pump"", ""product_type"": ""CENTRIFUGAL PUMP"", ""measurements"": []}","{""material_type"": ""rotary evaporator"", ""product_type"": ""ROTARY EVAPORATOR"", ""measurements"": []}",MISMATCH,UNKNOWN,UNKNOWN,UNKNOWN,CONFLICT
8,Indian Oil Corporation Limited,Oil India Limited,Screw Pump,12 V Battery Operated HSD (High Speed Diesel) Oil Filling Electric Pump,SCREW PUMP,12 V BATTERY OPERATED HSD HIGH SPEED DIESEL OIL FILLING ELECTRIC PUMP,0.4530,"{""material_type"": ""pump"", ""product_type"": ""PUMP"", ""measurements"": []}","{""material_type"": ""pump"", ""product_type"": ""PUMP"", ""measurements"": [{""value"": 12.0, ""unit"": ""V""}]}",MATCH,UNKNOWN,PARTIAL,UNKNOWN,PARTIAL
9,Indian Oil Corporation Limited,Oil India Limited,Centrifugal Pump,12 V Battery Operated HSD (High Speed Diesel) Oil Filling Electric Pump,CENTRIFUGAL PUMP,12 V BATTERY OPERATED HSD HIGH SPEED DIESEL OIL FILLING ELECTRIC PUMP,0.4417,"{""material_type"": ""centrifugal pump"", ""product_type"": ""CENTRIFUGAL PUMP"", ""measurements"": []}","{""material_type"": ""pump"", ""product_type"": ""PUMP"", ""measurements"": [{""value"": 12.0, ""unit"": ""V""}]}",MISMATCH,UNKNOWN,PARTIAL,UNKNOWN,CONFLICT
10,Indian Oil Corporation Limited,Oil India Limited,Centrifugal Pump,10K HYDRAULIC HAND PUMP WITH SELF CONTAINED RESERVOIR (OIL INDIA LIMITED),CENTRIFUGAL PUMP,10K HYDRAULIC HAND PUMP WITH SELF CONTAINED RESERVOIR OIL INDIA LIMITED,0.4270,"{""material_type"": ""centrifugal pump"", ""product_type"": ""CENTRIFUGAL PUMP"", ""measurements"": []}","{""material_type"": ""pump"", ""product_type"": ""PUMP"", ""measurements"": []}",MISMATCH,UNKNOWN,UNKNOWN,UNKNOWN,CONFLICT
11,Indian Oil Corporation Limited,NTPC Limited,425 KG Cylinders,& 4 mm for the sides. The top & baffle plates shall be of 3 mm' The tank shall be of welded construction &,425 KG CYLINDERS,4 MM FOR THE SIDES. THE TOP BAFFLE PLATES SHALL BE OF 3 MM THE TANK SHALL BE OF WELDED CONSTRUCTION,0.4265,"{""uom"": ""KG"", ""measurements"": [{""value"": 425.0, ""unit"": ""KG""}]}","{""size"": ""4 mm"", ""uom"": ""MM"", ""measurements"": [{""value"": 4.0, ""unit"": ""MM""}, {""value"": 3.0, ""unit"": ""MM""}]}",UNKNOWN,UNKNOWN,PARTIAL,MISMATCH,CONFLICT
12,NTPC Limited,Oil India Limited,"Civil works of ICT, 1500 MVA, 765/400KV &",125 kVA Genset,CIVIL WORKS OF ICT 1500 MVA 765 400KV,125 KVA GENSET,0.4219,"{""measurements"": [{""value"": 400.0, ""unit"": ""KV""}]}","{""measurements"": []}",UNKNOWN,UNKNOWN,PARTIAL,UNKNOWN,PARTIAL
13,Oil India Limited,NTPC Limited,100 mm Flanges,& 4 mm for the sides. The top & baffle plates shall be of 3 mm' The tank shall be of welded construction &,100 MM FLANGES,4 MM FOR THE SIDES. THE TOP BAFFLE PLATES SHALL BE OF 3 MM THE TANK SHALL BE OF WELDED CONSTRUCTION,0.4201,"{""size"": ""100 mm"", ""uom"": ""MM"", ""measurements"": [{""value"": 100.0, ""unit"": ""MM""}]}","{""size"": ""4 mm"", ""uom"": ""MM"", ""measurements"": [{""value"": 4.0, ""unit"": ""MM""}, {""value"": 3.0, ""unit"": ""MM""}]}",UNKNOWN,UNKNOWN,CONFLICT,MATCH,CONFLICT
14,Oil India Limited,NTPC Limited,10K HYDRAULIC HAND PUMP WITH SELF CONTAINED RESERVOIR (OIL INDIA LIMITED),"Supply of Oil Filtration machines, with or without",10K HYDRAULIC HAND PUMP WITH SELF CONTAINED RESERVOIR OIL INDIA LIMITED,SUPPLY OF OIL FILTRATION MACHINES WITH OR WITHOUT,0.4187,"{""material_type"": ""pump"", ""product_type"": ""PUMP"", ""measurements"": []}","{""measurements"": []}",UNKNOWN,UNKNOWN,UNKNOWN,UNKNOWN,COMPATIBLE
15,Oil India Limited,Indian Oil Corporation Limited,100 mm Flanges,425 KG Cylinders,100 MM FLANGES,425 KG CYLINDERS,0.4125,"{""size"": ""100 mm"", ""uom"": ""MM"", ""measurements"": [{""value"": 100.0, ""unit"": ""MM""}]}","{""uom"": ""KG"", ""measurements"": [{""value"": 425.0, ""unit"": ""KG""}]}",UNKNOWN,UNKNOWN,PARTIAL,MISMATCH,CONFLICT
16,Indian Oil Corporation Limited,Oil India Limited,Air Compressor,Screw Pump,AIR COMPRESSOR,SCREW PUMP,0.4107,"{""material_type"": ""air compressor"", ""product_type"": ""AIR COMPRESSOR"", ""measurements"": []}","{""material_type"": ""pump"", ""product_type"": ""PUMP"", ""measurements"": []}",MISMATCH,UNKNOWN,UNKNOWN,UNKNOWN,CONFLICT
17,Oil India Limited,Indian Oil Corporation Limited,Air Compressor,Screw Pump,AIR COMPRESSOR,SCREW PUMP,0.4107,"{""material_type"": ""air compressor"", ""product_type"": ""AIR COMPRESSOR"", ""measurements"": []}","{""material_type"": ""pump"", ""product_type"": ""PUMP"", ""measurements"": []}",MISMATCH,UNKNOWN,UNKNOWN,UNKNOWN,CONFLICT
18,Indian Oil Corporation Limited,Oil India Limited,Air Compressor,Rotary Evaporator,AIR COMPRESSOR,ROTARY EVAPORATOR,0.4079,"{""material_type"": ""air compressor"", ""product_type"": ""AIR COMPRESSOR"", ""measurements"": []}","{""material_type"": ""rotary evaporator"", ""product_type"": ""ROTARY EVAPORATOR"", ""measurements"": []}",MISMATCH,UNKNOWN,UNKNOWN,UNKNOWN,CONFLICT
19,Oil India Limited,Indian Oil Corporation Limited,Air Compressor,Rotary Evaporator,AIR COMPRESSOR,ROTARY EVAPORATOR,0.4079,"{""material_type"": ""air compressor"", ""product_type"": ""AIR COMPRESSOR"", ""measurements"": []}","{""material_type"": ""rotary evaporator"", ""product_type"": ""ROTARY EVAPORATOR"", ""measurements"": []}",MISMATCH,UNKNOWN,UNKNOWN,UNKNOWN,CONFLICT
20,Indian Oil Corporation Limited,Oil India Limited,Screw Pump,10K HYDRAULIC HAND PUMP WITH SELF CONTAINED RESERVOIR (OIL INDIA LIMITED),SCREW PUMP,10K HYDRAULIC HAND PUMP WITH SELF CONTAINED RESERVOIR OIL INDIA LIMITED,0.3909,"{""material_type"": ""pump"", ""product_type"": ""PUMP"", ""measurements"": []}","{""material_type"": ""pump"", ""product_type"": ""PUMP"", ""measurements"": []}",MATCH,UNKNOWN,UNKNOWN,UNKNOWN,COMPATIBLE
21,Indian Oil Corporation Limited,Oil India Limited,425 KG Cylinders,"127.00 MM (5"" ) API GRADE G-105 DRILL PIPE , 127.00 MM (5"" ) API GRADE S-135 DRILL PIPE",425 KG CYLINDERS,127.00 MM 5 API GRADE G-105 DRILL PIPE 127.00 MM 5 API GRADE S-135 DRILL PIPE,0.3908,"{""uom"": ""KG"", ""measurements"": [{""value"": 425.0, ""unit"": ""KG""}]}","{""material_type"": ""pipe"", ""product_type"": ""PIPE"", ""size"": ""127.00 mm"", ""grade"": ""ADE"", ""uom"": ""MM"", ""measurements"": [{""value"": 127.0, ""unit"": ""MM""}]}",UNKNOWN,UNKNOWN,PARTIAL,MISMATCH,CONFLICT
22,NTPC Limited,Oil India Limited,& 4 mm for the sides. The top & baffle plates shall be of 3 mm' The tank shall be of welded construction &,"127.00 MM (5"" ) API GRADE G-105 DRILL PIPE , 127.00 MM (5"" ) API GRADE S-135 DRILL PIPE",4 MM FOR THE SIDES. THE TOP BAFFLE PLATES SHALL BE OF 3 MM THE TANK SHALL BE OF WELDED CONSTRUCTION,127.00 MM 5 API GRADE G-105 DRILL PIPE 127.00 MM 5 API GRADE S-135 DRILL PIPE,0.3879,"{""size"": ""4 mm"", ""uom"": ""MM"", ""measurements"": [{""value"": 4.0, ""unit"": ""MM""}, {""value"": 3.0, ""unit"": ""MM""}]}","{""material_type"": ""pipe"", ""product_type"": ""PIPE"", ""size"": ""127.00 mm"", ""grade"": ""ADE"", ""uom"": ""MM"", ""measurements"": [{""value"": 127.0, ""unit"": ""MM""}]}",UNKNOWN,UNKNOWN,CONFLICT,MATCH,CONFLICT
23,Indian Oil Corporation Limited,Oil India Limited,Rotary Evaporator,Screw Pump,ROTARY EVAPORATOR,SCREW PUMP,0.3848,"{""material_type"": ""rotary evaporator"", ""product_type"": ""ROTARY EVAPORATOR"", ""measurements"": []}","{""material_type"": ""pump"", ""product_type"": ""PUMP"", ""measurements"": []}",MISMATCH,UNKNOWN,UNKNOWN,UNKNOWN,CONFLICT
24,Oil India Limited,Indian Oil Corporation Limited,Rotary Evaporator,Screw Pump,ROTARY EVAPORATOR,SCREW PUMP,0.3848,"{""material_type"": ""rotary evaporator"", ""product_type"": ""ROTARY EVAPORATOR"", ""measurements"": []}","{""material_type"": ""pump"", ""product_type"": ""PUMP"", ""measurements"": []}",MISMATCH,UNKNOWN,UNKNOWN,UNKNOWN,CONFLICT
25,Oil India Limited,NTPC Limited,(1) TRANSPORE 5 CM,& 4 mm for the sides. The top & baffle plates shall be of 3 mm' The tank shall be of welded construction &,1 TRANSPORE 5 CM,4 MM FOR THE SIDES. THE TOP BAFFLE PLATES SHALL BE OF 3 MM THE TANK SHALL BE OF WELDED CONSTRUCTION,0.3835,"{""measurements"": [{""value"": 5.0, ""unit"": ""CM""}]}","{""size"": ""4 mm"", ""uom"": ""MM"", ""measurements"": [{""value"": 4.0, ""unit"": ""MM""}, {""value"": 3.0, ""unit"": ""MM""}]}",UNKNOWN,UNKNOWN,PARTIAL,UNKNOWN,PARTIAL
26,Oil India Limited,NTPC Limited,"12"" (or more) Fixed Base Bench Vice, 2 Ton Manual Chain Pulley Blocks, 200 cc 4-Stroke Earth Auger Machine with Mounting Stand, 2-Wheel Heavy Trolley, and 8"", 12"", 16"" & 20"" bits, 2 HP Brush Cutter Machine with Nylon Line Cutter",'CONVEYOR BELT (NN / EP) ABOVE 1400MM WIDTH AND UPTO 1600MM WIDTH” with,12 OR MORE FIXED BASE BENCH VICE 2 TON MANUAL CHAIN PULLEY BLOCKS 200 CC 4-STROKE EARTH AUGER MACHINE WITH MOUNTING STAND 2-WHEEL HEAVY TROLLEY AND 8 12 16 20 BITS 2 HP BRUSH CUTTER MACHINE WITH NYLON LINE CUTTER,CONVEYOR BELT NN EP ABOVE 1400 MM WIDTH AND UPTO 1600 MM WIDTH WITH,0.3718,"{""measurements"": [{""value"": 2.0, ""unit"": ""HP""}]}","{""size"": ""1400 mm"", ""uom"": ""MM"", ""measurements"": [{""value"": 1400.0, ""unit"": ""MM""}, {""value"": 1600.0, ""unit"": ""MM""}]}",UNKNOWN,UNKNOWN,PARTIAL,UNKNOWN,PARTIAL
27,Indian Oil Corporation Limited,Oil India Limited,608 test bearings,"127.00 MM (5"" ) API GRADE G-105 DRILL PIPE , 127.00 MM (5"" ) API GRADE S-135 DRILL PIPE",608 TEST BEARINGS,127.00 MM 5 API GRADE G-105 DRILL PIPE 127.00 MM 5 API GRADE S-135 DRILL PIPE,0.3663,"{""measurements"": []}","{""material_type"": ""pipe"", ""product_type"": ""PIPE"", ""size"": ""127.00 mm"", ""grade"": ""ADE"", ""uom"": ""MM"", ""measurements"": [{""value"": 127.0, ""unit"": ""MM""}]}",UNKNOWN,UNKNOWN,PARTIAL,UNKNOWN,PARTIAL
28,Indian Oil Corporation Limited,Oil India Limited,425 KG Cylinders,125 kVA Genset,425 KG CYLINDERS,125 KVA GENSET,0.3622,"{""uom"": ""KG"", ""measurements"": [{""value"": 425.0, ""unit"": ""KG""}]}","{""measurements"": []}",UNKNOWN,UNKNOWN,PARTIAL,UNKNOWN,PARTIAL
29,Indian Oil Corporation Limited,NTPC Limited,425 KG Cylinders,"& hot vulcanizing) for NN / EP conveyor belt, of be lt width 800 mm or",425 KG CYLINDERS,HOT VULCANIZING FOR NN EP CONVEYOR BELT OF BE LT WIDTH 800 MM OR,0.3605,"{""uom"": ""KG"", ""measurements"": [{""value"": 425.0, ""unit"": ""KG""}]}","{""size"": ""800 mm"", ""uom"": ""MM"", ""measurements"": [{""value"": 800.0, ""unit"": ""MM""}]}",UNKNOWN,UNKNOWN,PARTIAL,MISMATCH,CONFLICT
30,Oil India Limited,Indian Oil Corporation Limited,Centrifugal Pump,20L Automatic Rotary Evaporation System,CENTRIFUGAL PUMP,20 L AUTOMATIC ROTARY EVAPORATION SYSTEM,0.3589,"{""material_type"": ""centrifugal pump"", ""product_type"": ""CENTRIFUGAL PUMP"", ""measurements"": []}","{""material_type"": ""evaporation system"", ""product_type"": ""EVAPORATION SYSTEM"", ""measurements"": [{""value"": 20.0, ""unit"": ""L""}]}",MISMATCH,UNKNOWN,PARTIAL,UNKNOWN,CONFLICT
