source_material_code,raw_description,raw_uom,manufacturer,part_number,category_hint
NTPC-MAT-BOL-01001,HEX BOLT M10X50 SS304 GR 8.8 IS 1363,KG,UNBRAKO,PN-BOL-000,BOLT
NTPC-MAT-BOL-01002,BOLT HEX M10 X 50 SS304 8.8 IS 1363,EA,HAVELS,PN-BOL-000,BOLT
NTPC-MAT-BOL-01003,HEX HEAD BOLT M10X50 MM SS304 GRADE 8.8,SET,UNBRAKO,PN-BOL-000,BOLT
NTPC-MAT-BOL-01004,FASTENER HEX BOLT M10 * 50 SS304 CLASS 8.8,MTR,UNBRAKO,PN-BOL-000,BOLT
NTPC-MAT-BOL-01005,BOLT M10X50 8.8 SS304,SET,L&T,PN-BOL-000,BOLT
NTPC-MAT-BOL-01006,HEX BOLT M10X50 SS304 GR 8.8 IS 1363,PC,SKF,PN-BOL-000,BOLT
NTPC-MAT-BOL-01007,BOLT HEX M10 X 50 SS304 8.8 IS 1363,SET,UNBRAKO,PN-BOL-000,BOLT
NTPC-MAT-BOL-01008,HEX HEAD BOLT M10X50 MM SS304 GRADE 8.8,KG,FAG,PN-BOL-000,BOLT
NTPC-MAT-BOL-01009,FASTENER HEX BOLT M10 * 50 SS304 CLASS 8.8,PC,GENERIC,PN-BOL-000,BOLT
NTPC-MAT-BOL-01010,BOLT M10X50 8.8 SS304,NOS,HAVELS,PN-BOL-000,BOLT
NTPC-MAT-BOL-01011,HEX BOLT M10X50 SS304 GR 8.8 IS 1363,NOS,FAG,PN-BOL-000,BOLT
NTPC-MAT-BOL-01012,BOLT HEX M10 X 50 SS304 8.8 IS 1363,PC,TATA,PN-BOL-000,BOLT
NTPC-MAT-BOL-01013,HEX BOLT M12X60 SS316 GR 10.9 ISO 4014,KG,TATA,PN-BOL-001,BOLT
NTPC-MAT-BOL-01014,BOLT HEX M12 X 60 SS316 10.9 ISO 4014,EA,HAVELS,PN-BOL-001,BOLT
NTPC-MAT-BOL-01015,HEX HEAD BOLT M12X60 MM SS316 GRADE 10.9,PC,FAG,PN-BOL-001,BOLT
NTPC-MAT-BOL-01016,FASTENER HEX BOLT M12 * 60 SS316 CLASS 10.9,KG,FAG,PN-BOL-001,BOLT
NTPC-MAT-BOL-01017,BOLT M12X60 10.9 SS316,EA,TATA,PN-BOL-001,BOLT
NTPC-MAT-BOL-01018,HEX BOLT M12X60 SS316 GR 10.9 ISO 4014,SET,L&T,PN-BOL-001,BOLT
NTPC-MAT-BOL-01019,BOLT HEX M12 X 60 SS316 10.9 ISO 4014,SET,UNBRAKO,PN-BOL-001,BOLT
NTPC-MAT-BOL-01020,HEX HEAD BOLT M12X60 MM SS316 GRADE 10.9,KG,FAG,PN-BOL-001,BOLT
NTPC-MAT-BOL-01021,FASTENER HEX BOLT M12 * 60 SS316 CLASS 10.9,MTR,SKF,PN-BOL-001,BOLT
NTPC-MAT-BOL-01022,BOLT M12X60 10.9 SS316,PC,GENERIC,PN-BOL-001,BOLT
NTPC-MAT-BOL-01023,HEX BOLT M12X60 SS316 GR 10.9 ISO 4014,EA,FAG,PN-BOL-001,BOLT
NTPC-MAT-BOL-01024,BOLT HEX M12 X 60 SS316 10.9 ISO 4014,MTR,UNBRAKO,PN-BOL-001,BOLT
NTPC-MAT-BOL-01025,HEX BOLT M16X70 CARBON_STEEL GR 8.8 DIN 931,EA,SKF,PN-BOL-002,BOLT
NTPC-MAT-BOL-01026,BOLT HEX M16 X 70 CARBON_STEEL 8.8 DIN 931,MTR,SKF,PN-BOL-002,BOLT
NTPC-MAT-BOL-01027,HEX HEAD BOLT M16X70 MM CARBON_STEEL GRADE 8.8,EA,UNBRAKO,PN-BOL-002,BOLT
NTPC-MAT-BOL-01028,FASTENER HEX BOLT M16 * 70 CARBON_STEEL CLASS 8.8,KG,FAG,PN-BOL-002,BOLT
NTPC-MAT-BOL-01029,BOLT M16X70 8.8 CARBON_STEEL,KG,FAG,PN-BOL-002,BOLT
NTPC-MAT-BOL-01030,HEX BOLT M16X70 CARBON_STEEL GR 8.8 DIN 931,MTR,FAG,PN-BOL-002,BOLT
NTPC-MAT-BOL-01031,BOLT HEX M16 X 70 CARBON_STEEL 8.8 DIN 931,SET,HAVELS,PN-BOL-002,BOLT
NTPC-MAT-BOL-01032,HEX HEAD BOLT M16X70 MM CARBON_STEEL GRADE 8.8,NOS,TATA,PN-BOL-002,BOLT
NTPC-MAT-BOL-01033,FASTENER HEX BOLT M16 * 70 CARBON_STEEL CLASS 8.8,MTR,TATA,PN-BOL-002,BOLT
NTPC-MAT-BOL-01034,BOLT M16X70 8.8 CARBON_STEEL,EA,UNBRAKO,PN-BOL-002,BOLT
NTPC-MAT-BOL-01035,HEX BOLT M16X70 CARBON_STEEL GR 8.8 DIN 931,EA,SKF,PN-BOL-002,BOLT
NTPC-MAT-BOL-01036,BOLT HEX M16 X 70 CARBON_STEEL 8.8 DIN 931,KG,L&T,PN-BOL-002,BOLT
NTPC-MAT-BOL-01037,STUD BOLT M20X100 SS304 GR A2-70 ASME B18.31.2,EA,UNBRAKO,PN-BOL-003,BOLT
NTPC-MAT-BOL-01038,BOLT HEX M20 X 100 SS304 A2-70 ASME B18.31.2,SET,FAG,PN-BOL-003,BOLT
NTPC-MAT-BOL-01039,HEX HEAD BOLT M20X100 MM SS304 GRADE A2-70,SET,HAVELS,PN-BOL-003,BOLT
NTPC-MAT-BOL-01040,FASTENER STUD BOLT M20 * 100 SS304 CLASS A2-70,EA,L&T,PN-BOL-003,BOLT
NTPC-MAT-BOL-01041,BOLT M20X100 A2-70 SS304,SET,TATA,PN-BOL-003,BOLT
NTPC-MAT-BOL-01042,STUD BOLT M20X100 SS304 GR A2-70 ASME B18.31.2,NOS,UNBRAKO,PN-BOL-003,BOLT
NTPC-MAT-BOL-01043,BOLT HEX M20 X 100 SS304 A2-70 ASME B18.31.2,EA,TATA,PN-BOL-003,BOLT
NTPC-MAT-BOL-01044,HEX HEAD BOLT M20X100 MM SS304 GRADE A2-70,NOS,TATA,PN-BOL-003,BOLT
NTPC-MAT-BOL-01045,FASTENER STUD BOLT M20 * 100 SS304 CLASS A2-70,PC,FAG,PN-BOL-003,BOLT
NTPC-MAT-BOL-01046,BOLT M20X100 A2-70 SS304,EA,SKF,PN-BOL-003,BOLT
NTPC-MAT-BOL-01047,STUD BOLT M20X100 SS304 GR A2-70 ASME B18.31.2,KG,SKF,PN-BOL-003,BOLT
NTPC-MAT-BOL-01048,BOLT HEX M20 X 100 SS304 A2-70 ASME B18.31.2,MTR,TATA,PN-BOL-003,BOLT
NTPC-MAT-BOL-01049,CAP SCREW M8X30 ALLOY_STEEL GR 12.9 DIN 912,NOS,L&T,PN-BOL-004,BOLT
NTPC-MAT-BOL-01050,BOLT HEX M8 X 30 ALLOY_STEEL 12.9 DIN 912,MTR,TATA,PN-BOL-004,BOLT
NTPC-MAT-BOL-01051,HEX HEAD BOLT M8X30 MM ALLOY_STEEL GRADE 12.9,KG,L&T,PN-BOL-004,BOLT
NTPC-MAT-BOL-01052,FASTENER CAP SCREW M8 * 30 ALLOY_STEEL CLASS 12.9,KG,HAVELS,PN-BOL-004,BOLT
NTPC-MAT-BOL-01053,BOLT M8X30 12.9 ALLOY_STEEL,KG,HAVELS,PN-BOL-004,BOLT
NTPC-MAT-BOL-01054,CAP SCREW M8X30 ALLOY_STEEL GR 12.9 DIN 912,SET,L&T,PN-BOL-004,BOLT
NTPC-MAT-BOL-01055,BOLT HEX M8 X 30 ALLOY_STEEL 12.9 DIN 912,EA,L&T,PN-BOL-004,BOLT
NTPC-MAT-BOL-01056,HEX HEAD BOLT M8X30 MM ALLOY_STEEL GRADE 12.9,PC,SKF,PN-BOL-004,BOLT
NTPC-MAT-BOL-01057,FASTENER CAP SCREW M8 * 30 ALLOY_STEEL CLASS 12.9,NOS,HAVELS,PN-BOL-004,BOLT
NTPC-MAT-BOL-01058,BOLT M8X30 12.9 ALLOY_STEEL,PC,UNBRAKO,PN-BOL-004,BOLT
NTPC-MAT-BOL-01059,CAP SCREW M8X30 ALLOY_STEEL GR 12.9 DIN 912,PC,L&T,PN-BOL-004,BOLT
NTPC-MAT-BOL-01060,BOLT HEX M8 X 30 ALLOY_STEEL 12.9 DIN 912,MTR,FAG,PN-BOL-004,BOLT
NTPC-MAT-PIP-01061,PIPE 4 IN SCH_40 SEAMLESS A106_GR_B ASTM A106,PC,UNBRAKO,PN-PIP-000,PIPE
NTPC-MAT-PIP-01062,SEAMLESS PIPE 4 IN SCH_40 A106_GR_B,KG,FAG,PN-PIP-000,PIPE
NTPC-MAT-PIP-01063,PIPE CS 4 IN SCH_40 SEAMLESS SPEC A106_GR_B,NOS,UNBRAKO,PN-PIP-000,PIPE
NTPC-MAT-PIP-01064,4 IN PIPE A106_GR_B SCH_40 SEAMLESS,PC,L&T,PN-PIP-000,PIPE
NTPC-MAT-PIP-01065,TUBING 4 IN SCH_40 A106_GR_B,PC,SKF,PN-PIP-000,PIPE
NTPC-MAT-PIP-01066,PIPE 4 IN SCH_40 SEAMLESS A106_GR_B ASTM A106,KG,TATA,PN-PIP-000,PIPE
NTPC-MAT-PIP-01067,SEAMLESS PIPE 4 IN SCH_40 A106_GR_B,MTR,HAVELS,PN-PIP-000,PIPE
NTPC-MAT-PIP-01068,PIPE CS 4 IN SCH_40 SEAMLESS SPEC A106_GR_B,SET,UNBRAKO,PN-PIP-000,PIPE
NTPC-MAT-PIP-01069,4 IN PIPE A106_GR_B SCH_40 SEAMLESS,PC,TATA,PN-PIP-000,PIPE
NTPC-MAT-PIP-01070,TUBING 4 IN SCH_40 A106_GR_B,SET,TATA,PN-PIP-000,PIPE
NTPC-MAT-PIP-01071,PIPE 4 IN SCH_40 SEAMLESS A106_GR_B ASTM A106,EA,TATA,PN-PIP-000,PIPE
NTPC-MAT-PIP-01072,SEAMLESS PIPE 4 IN SCH_40 A106_GR_B,PC,GENERIC,PN-PIP-000,PIPE
NTPC-MAT-PIP-01073,PIPE 4 IN SCH_80 SEAMLESS A106_GR_B ASTM A106,SET,HAVELS,PN-PIP-001,PIPE
NTPC-MAT-PIP-01074,SEAMLESS PIPE 4 IN SCH_80 A106_GR_B,NOS,SKF,PN-PIP-001,PIPE
NTPC-MAT-PIP-01075,PIPE CS 4 IN SCH_80 SEAMLESS SPEC A106_GR_B,MTR,FAG,PN-PIP-001,PIPE
NTPC-MAT-PIP-01076,4 IN PIPE A106_GR_B SCH_80 SEAMLESS,NOS,FAG,PN-PIP-001,PIPE
NTPC-MAT-PIP-01077,TUBING 4 IN SCH_80 A106_GR_B,KG,FAG,PN-PIP-001,PIPE
NTPC-MAT-PIP-01078,PIPE 4 IN SCH_80 SEAMLESS A106_GR_B ASTM A106,SET,UNBRAKO,PN-PIP-001,PIPE
NTPC-MAT-PIP-01079,SEAMLESS PIPE 4 IN SCH_80 A106_GR_B,KG,SKF,PN-PIP-001,PIPE
NTPC-MAT-PIP-01080,PIPE CS 4 IN SCH_80 SEAMLESS SPEC A106_GR_B,KG,SKF,PN-PIP-001,PIPE
NTPC-MAT-PIP-01081,4 IN PIPE A106_GR_B SCH_80 SEAMLESS,KG,HAVELS,PN-PIP-001,PIPE
NTPC-MAT-PIP-01082,TUBING 4 IN SCH_80 A106_GR_B,MTR,GENERIC,PN-PIP-001,PIPE
NTPC-MAT-PIP-01083,PIPE 4 IN SCH_80 SEAMLESS A106_GR_B ASTM A106,MTR,L&T,PN-PIP-001,PIPE
NTPC-MAT-PIP-01084,SEAMLESS PIPE 4 IN SCH_80 A106_GR_B,KG,TATA,PN-PIP-001,PIPE
NTPC-MAT-PIP-01085,PIPE 2 IN SCH_40 ERW A53_GR_B ASTM A53,MTR,HAVELS,PN-PIP-002,PIPE
NTPC-MAT-PIP-01086,SEAMLESS PIPE 2 IN SCH_40 A53_GR_B,KG,SKF,PN-PIP-002,PIPE
NTPC-MAT-PIP-01087,PIPE CS 2 IN SCH_40 ERW SPEC A53_GR_B,NOS,TATA,PN-PIP-002,PIPE
NTPC-MAT-PIP-01088,2 IN PIPE A53_GR_B SCH_40 ERW,KG,L&T,PN-PIP-002,PIPE
NTPC-MAT-PIP-01089,TUBING 2 IN SCH_40 A53_GR_B,EA,TATA,PN-PIP-002,PIPE
NTPC-MAT-PIP-01090,PIPE 2 IN SCH_40 ERW A53_GR_B ASTM A53,EA,TATA,PN-PIP-002,PIPE
NTPC-MAT-PIP-01091,SEAMLESS PIPE 2 IN SCH_40 A53_GR_B,MTR,TATA,PN-PIP-002,PIPE
NTPC-MAT-PIP-01092,PIPE CS 2 IN SCH_40 ERW SPEC A53_GR_B,SET,HAVELS,PN-PIP-002,PIPE
NTPC-MAT-PIP-01093,2 IN PIPE A53_GR_B SCH_40 ERW,MTR,GENERIC,PN-PIP-002,PIPE
NTPC-MAT-PIP-01094,TUBING 2 IN SCH_40 A53_GR_B,SET,TATA,PN-PIP-002,PIPE
NTPC-MAT-PIP-01095,PIPE 2 IN SCH_40 ERW A53_GR_B ASTM A53,EA,GENERIC,PN-PIP-002,PIPE
NTPC-MAT-PIP-01096,SEAMLESS PIPE 2 IN SCH_40 A53_GR_B,PC,FAG,PN-PIP-002,PIPE
NTPC-MAT-PIP-01097,PIPE 6 IN SCH_80 SEAMLESS API_5L_X52 API 5L,PC,SKF,PN-PIP-003,PIPE
NTPC-MAT-PIP-01098,SEAMLESS PIPE 6 IN SCH_80 API_5L_X52,EA,FAG,PN-PIP-003,PIPE
NTPC-MAT-PIP-01099,PIPE CS 6 IN SCH_80 SEAMLESS SPEC API_5L_X52,SET,SKF,PN-PIP-003,PIPE
NTPC-MAT-PIP-01100,6 IN PIPE API_5L_X52 SCH_80 SEAMLESS,SET,FAG,PN-PIP-003,PIPE
NTPC-MAT-PIP-01101,TUBING 6 IN SCH_80 API_5L_X52,SET,FAG,PN-PIP-003,PIPE
NTPC-MAT-PIP-01102,PIPE 6 IN SCH_80 SEAMLESS API_5L_X52 API 5L,SET,L&T,PN-PIP-003,PIPE
NTPC-MAT-PIP-01103,SEAMLESS PIPE 6 IN SCH_80 API_5L_X52,EA,SKF,PN-PIP-003,PIPE
NTPC-MAT-PIP-01104,PIPE CS 6 IN SCH_80 SEAMLESS SPEC API_5L_X52,KG,HAVELS,PN-PIP-003,PIPE
NTPC-MAT-PIP-01105,6 IN PIPE API_5L_X52 SCH_80 SEAMLESS,MTR,L&T,PN-PIP-003,PIPE
NTPC-MAT-PIP-01106,TUBING 6 IN SCH_80 API_5L_X52,KG,FAG,PN-PIP-003,PIPE
NTPC-MAT-PIP-01107,PIPE 6 IN SCH_80 SEAMLESS API_5L_X52 API 5L,PC,FAG,PN-PIP-003,PIPE
NTPC-MAT-PIP-01108,SEAMLESS PIPE 6 IN SCH_80 API_5L_X52,SET,SKF,PN-PIP-003,PIPE
NTPC-MAT-PIP-01109,PIPE 3 IN SCH_10S SEAMLESS SS304 ASTM A312,SET,UNBRAKO,PN-PIP-004,PIPE
NTPC-MAT-PIP-01110,SEAMLESS PIPE 3 IN SCH_10S SS304,KG,UNBRAKO,PN-PIP-004,PIPE
NTPC-MAT-PIP-01111,PIPE CS 3 IN SCH_10S SEAMLESS SPEC SS304,EA,GENERIC,PN-PIP-004,PIPE
NTPC-MAT-PIP-01112,3 IN PIPE SS304 SCH_10S SEAMLESS,SET,HAVELS,PN-PIP-004,PIPE
NTPC-MAT-PIP-01113,TUBING 3 IN SCH_10S SS304,PC,TATA,PN-PIP-004,PIPE
NTPC-MAT-PIP-01114,PIPE 3 IN SCH_10S SEAMLESS SS304 ASTM A312,NOS,L&T,PN-PIP-004,PIPE
NTPC-MAT-PIP-01115,SEAMLESS PIPE 3 IN SCH_10S SS304,KG,TATA,PN-PIP-004,PIPE
NTPC-MAT-PIP-01116,PIPE CS 3 IN SCH_10S SEAMLESS SPEC SS304,KG,L&T,PN-PIP-004,PIPE
NTPC-MAT-PIP-01117,3 IN PIPE SS304 SCH_10S SEAMLESS,MTR,FAG,PN-PIP-004,PIPE
NTPC-MAT-PIP-01118,TUBING 3 IN SCH_10S SS304,NOS,GENERIC,PN-PIP-004,PIPE
NTPC-MAT-PIP-01119,PIPE 3 IN SCH_10S SEAMLESS SS304 ASTM A312,PC,HAVELS,PN-PIP-004,PIPE
NTPC-MAT-PIP-01120,SEAMLESS PIPE 3 IN SCH_10S SS304,EA,HAVELS,PN-PIP-004,PIPE
NTPC-MAT-BEA-01121,BEARING 6205-2RS C3 (25X52X15 MM),SET,FAG,PN-BEA-000,BEARING
NTPC-MAT-BEA-01122,BRG DEEP GROOVE BALL 6205 2RS,EA,GENERIC,PN-BEA-000,BEARING
NTPC-MAT-BEA-01123,BALL BEARING 6205 2RS C3,SET,L&T,PN-BEA-000,BEARING
NTPC-MAT-BEA-01124,BEARING 6205 2RS CLEARANCE C3,SET,GENERIC,PN-BEA-000,BEARING
NTPC-MAT-BEA-01125,BRG 6205 2RS (25* 52* 15),PC,SKF,PN-BEA-000,BEARING
NTPC-MAT-BEA-01126,BEARING 6205-2RS C3 (25X52X15 MM),NOS,L&T,PN-BEA-000,BEARING
NTPC-MAT-BEA-01127,BRG DEEP GROOVE BALL 6205 2RS,SET,L&T,PN-BEA-000,BEARING
NTPC-MAT-BEA-01128,BALL BEARING 6205 2RS C3,NOS,UNBRAKO,PN-BEA-000,BEARING
NTPC-MAT-BEA-01129,BEARING 6205 2RS CLEARANCE C3,KG,L&T,PN-BEA-000,BEARING
NTPC-MAT-BEA-01130,BRG 6205 2RS (25* 52* 15),SET,HAVELS,PN-BEA-000,BEARING
NTPC-MAT-BEA-01131,BEARING 6205-2RS C3 (25X52X15 MM),PC,SKF,PN-BEA-000,BEARING
NTPC-MAT-BEA-01132,BRG DEEP GROOVE BALL 6205 2RS,KG,L&T,PN-BEA-000,BEARING
NTPC-MAT-BEA-01133,BEARING 6205-ZZ C3 (25X52X15 MM),KG,FAG,PN-BEA-001,BEARING
NTPC-MAT-BEA-01134,BRG DEEP GROOVE BALL 6205 ZZ,NOS,GENERIC,PN-BEA-001,BEARING
NTPC-MAT-BEA-01135,BALL BEARING 6205 ZZ C3,PC,UNBRAKO,PN-BEA-001,BEARING
NTPC-MAT-BEA-01136,BEARING 6205 ZZ CLEARANCE C3,NOS,L&T,PN-BEA-001,BEARING
NTPC-MAT-BEA-01137,BRG 6205 ZZ (25* 52* 15),NOS,L&T,PN-BEA-001,BEARING
NTPC-MAT-BEA-01138,BEARING 6205-ZZ C3 (25X52X15 MM),EA,UNBRAKO,PN-BEA-001,BEARING
NTPC-MAT-BEA-01139,BRG DEEP GROOVE BALL 6205 ZZ,SET,FAG,PN-BEA-001,BEARING
NTPC-MAT-BEA-01140,BALL BEARING 6205 ZZ C3,MTR,SKF,PN-BEA-001,BEARING
NTPC-MAT-BEA-01141,BEARING 6205 ZZ CLEARANCE C3,SET,L&T,PN-BEA-001,BEARING
NTPC-MAT-BEA-01142,BRG 6205 ZZ (25* 52* 15),SET,FAG,PN-BEA-001,BEARING
NTPC-MAT-BEA-01143,BEARING 6205-ZZ C3 (25X52X15 MM),MTR,L&T,PN-BEA-001,BEARING
NTPC-MAT-BEA-01144,BRG DEEP GROOVE BALL 6205 ZZ,PC,HAVELS,PN-BEA-001,BEARING
NTPC-MAT-BEA-01145,BEARING 6308-OPEN CN (40X90X23 MM),NOS,TATA,PN-BEA-002,BEARING
NTPC-MAT-BEA-01146,BRG DEEP GROOVE BALL 6308 OPEN,NOS,TATA,PN-BEA-002,BEARING
NTPC-MAT-BEA-01147,BALL BEARING 6308 OPEN CN,KG,TATA,PN-BEA-002,BEARING
NTPC-MAT-BEA-01148,BEARING 6308 OPEN CLEARANCE CN,NOS,L&T,PN-BEA-002,BEARING
NTPC-MAT-BEA-01149,BRG 6308 OPEN (40* 90* 23),NOS,UNBRAKO,PN-BEA-002,BEARING
NTPC-MAT-BEA-01150,BEARING 6308-OPEN CN (40X90X23 MM),NOS,FAG,PN-BEA-002,BEARING
NTPC-MAT-BEA-01151,BRG DEEP GROOVE BALL 6308 OPEN,MTR,FAG,PN-BEA-002,BEARING
NTPC-MAT-BEA-01152,BALL BEARING 6308 OPEN CN,KG,SKF,PN-BEA-002,BEARING
NTPC-MAT-BEA-01153,BEARING 6308 OPEN CLEARANCE CN,KG,GENERIC,PN-BEA-002,BEARING
NTPC-MAT-BEA-01154,BRG 6308 OPEN (40* 90* 23),MTR,UNBRAKO,PN-BEA-002,BEARING
NTPC-MAT-BEA-01155,BEARING 6308-OPEN CN (40X90X23 MM),KG,FAG,PN-BEA-002,BEARING
NTPC-MAT-BEA-01156,BRG DEEP GROOVE BALL 6308 OPEN,NOS,FAG,PN-BEA-002,BEARING
NTPC-MAT-BEA-01157,BEARING 30205-OPEN CN (25X52X16.25 MM),EA,SKF,PN-BEA-003,BEARING
NTPC-MAT-BEA-01158,BRG DEEP GROOVE BALL 30205 OPEN,MTR,UNBRAKO,PN-BEA-003,BEARING
NTPC-MAT-BEA-01159,BALL BEARING 30205 OPEN CN,NOS,GENERIC,PN-BEA-003,BEARING
NTPC-MAT-BEA-01160,BEARING 30205 OPEN CLEARANCE CN,SET,FAG,PN-BEA-003,BEARING
NTPC-MAT-BEA-01161,BRG 30205 OPEN (25* 52* 16.25),KG,FAG,PN-BEA-003,BEARING
NTPC-MAT-BEA-01162,BEARING 30205-OPEN CN (25X52X16.25 MM),EA,SKF,PN-BEA-003,BEARING
NTPC-MAT-BEA-01163,BRG DEEP GROOVE BALL 30205 OPEN,KG,L&T,PN-BEA-003,BEARING
NTPC-MAT-BEA-01164,BALL BEARING 30205 OPEN CN,NOS,L&T,PN-BEA-003,BEARING
NTPC-MAT-BEA-01165,BEARING 30205 OPEN CLEARANCE CN,NOS,HAVELS,PN-BEA-003,BEARING
NTPC-MAT-BEA-01166,BRG 30205 OPEN (25* 52* 16.25),KG,SKF,PN-BEA-003,BEARING
NTPC-MAT-BEA-01167,BEARING 30205-OPEN CN (25X52X16.25 MM),SET,L&T,PN-BEA-003,BEARING
NTPC-MAT-BEA-01168,BRG DEEP GROOVE BALL 30205 OPEN,NOS,SKF,PN-BEA-003,BEARING
NTPC-MAT-BEA-01169,BEARING 22210-OPEN C3 (50X90X23 MM),PC,GENERIC,PN-BEA-004,BEARING
NTPC-MAT-BEA-01170,BRG DEEP GROOVE BALL 22210 OPEN,SET,L&T,PN-BEA-004,BEARING
NTPC-MAT-BEA-01171,BALL BEARING 22210 OPEN C3,SET,FAG,PN-BEA-004,BEARING
NTPC-MAT-BEA-01172,BEARING 22210 OPEN CLEARANCE C3,SET,TATA,PN-BEA-004,BEARING
NTPC-MAT-BEA-01173,BRG 22210 OPEN (50* 90* 23),KG,FAG,PN-BEA-004,BEARING
NTPC-MAT-BEA-01174,BEARING 22210-OPEN C3 (50X90X23 MM),SET,UNBRAKO,PN-BEA-004,BEARING
NTPC-MAT-BEA-01175,BRG DEEP GROOVE BALL 22210 OPEN,SET,UNBRAKO,PN-BEA-004,BEARING
NTPC-MAT-BEA-01176,BALL BEARING 22210 OPEN C3,SET,GENERIC,PN-BEA-004,BEARING
NTPC-MAT-BEA-01177,BEARING 22210 OPEN CLEARANCE C3,PC,SKF,PN-BEA-004,BEARING
NTPC-MAT-BEA-01178,BRG 22210 OPEN (50* 90* 23),KG,GENERIC,PN-BEA-004,BEARING
NTPC-MAT-BEA-01179,BEARING 22210-OPEN C3 (50X90X23 MM),NOS,L&T,PN-BEA-004,BEARING
NTPC-MAT-BEA-01180,BRG DEEP GROOVE BALL 22210 OPEN,SET,UNBRAKO,PN-BEA-004,BEARING
NTPC-MAT-VAL-01181,VALVE GATE 4 IN CLASS 150 SS304 FLANGED,KG,SKF,PN-VAL-000,VALVE
NTPC-MAT-VAL-01182,GATE VALVE 4 IN CL 150 SS304,PC,SKF,PN-VAL-000,VALVE
NTPC-MAT-VAL-01183,VLV GATE 4 IN # 150 SS304 FLANGED,SET,L&T,PN-VAL-000,VALVE
NTPC-MAT-VAL-01184,VALVE GATE 4 IN CLASS 150 BODY SS304,NOS,L&T,PN-VAL-000,VALVE
NTPC-MAT-VAL-01185,FLANGED GATE VALVE 4 IN CL 150,EA,TATA,PN-VAL-000,VALVE
NTPC-MAT-VAL-01186,VALVE GATE 4 IN CLASS 150 SS304 FLANGED,KG,UNBRAKO,PN-VAL-000,VALVE
NTPC-MAT-VAL-01187,GATE VALVE 4 IN CL 150 SS304,EA,UNBRAKO,PN-VAL-000,VALVE
NTPC-MAT-VAL-01188,VLV GATE 4 IN # 150 SS304 FLANGED,KG,SKF,PN-VAL-000,VALVE
NTPC-MAT-VAL-01189,VALVE GATE 4 IN CLASS 150 BODY SS304,SET,UNBRAKO,PN-VAL-000,VALVE
NTPC-MAT-VAL-01190,FLANGED GATE VALVE 4 IN CL 150,PC,HAVELS,PN-VAL-000,VALVE
NTPC-MAT-VAL-01191,VALVE GATE 4 IN CLASS 150 SS304 FLANGED,MTR,GENERIC,PN-VAL-000,VALVE
NTPC-MAT-VAL-01192,GATE VALVE 4 IN CL 150 SS304,EA,L&T,PN-VAL-000,VALVE
NTPC-MAT-VAL-01193,VALVE GATE 4 IN CLASS 300 SS304 FLANGED,KG,GENERIC,PN-VAL-001,VALVE
NTPC-MAT-VAL-01194,GATE VALVE 4 IN CL 300 SS304,PC,GENERIC,PN-VAL-001,VALVE
NTPC-MAT-VAL-01195,VLV GATE 4 IN # 300 SS304 FLANGED,NOS,SKF,PN-VAL-001,VALVE
NTPC-MAT-VAL-01196,VALVE GATE 4 IN CLASS 300 BODY SS304,EA,GENERIC,PN-VAL-001,VALVE
NTPC-MAT-VAL-01197,FLANGED GATE VALVE 4 IN CL 300,PC,GENERIC,PN-VAL-001,VALVE
NTPC-MAT-VAL-01198,VALVE GATE 4 IN CLASS 300 SS304 FLANGED,NOS,FAG,PN-VAL-001,VALVE
NTPC-MAT-VAL-01199,GATE VALVE 4 IN CL 300 SS304,MTR,SKF,PN-VAL-001,VALVE
NTPC-MAT-VAL-01200,VLV GATE 4 IN # 300 SS304 FLANGED,MTR,UNBRAKO,PN-VAL-001,VALVE
NTPC-MAT-VAL-01201,VALVE GATE 4 IN CLASS 300 BODY SS304,NOS,HAVELS,PN-VAL-001,VALVE
NTPC-MAT-VAL-01202,FLANGED GATE VALVE 4 IN CL 300,MTR,TATA,PN-VAL-001,VALVE
NTPC-MAT-VAL-01203,VALVE GATE 4 IN CLASS 300 SS304 FLANGED,NOS,TATA,PN-VAL-001,VALVE
NTPC-MAT-VAL-01204,GATE VALVE 4 IN CL 300 SS304,NOS,UNBRAKO,PN-VAL-001,VALVE
NTPC-MAT-VAL-01205,VALVE GLOBE 2 IN CLASS 300 CARBON_STEEL FLANGED,SET,SKF,PN-VAL-002,VALVE
NTPC-MAT-VAL-01206,GLOBE VALVE 2 IN CL 300 CARBON_STEEL,KG,HAVELS,PN-VAL-002,VALVE
NTPC-MAT-VAL-01207,VLV GLOBE 2 IN # 300 CARBON_STEEL FLANGED,MTR,FAG,PN-VAL-002,VALVE
NTPC-MAT-VAL-01208,VALVE GLOBE 2 IN CLASS 300 BODY CARBON_STEEL,EA,FAG,PN-VAL-002,VALVE
NTPC-MAT-VAL-01209,FLANGED GLOBE VALVE 2 IN CL 300,KG,SKF,PN-VAL-002,VALVE
NTPC-MAT-VAL-01210,VALVE GLOBE 2 IN CLASS 300 CARBON_STEEL FLANGED,PC,TATA,PN-VAL-002,VALVE
NTPC-MAT-VAL-01211,GLOBE VALVE 2 IN CL 300 CARBON_STEEL,KG,HAVELS,PN-VAL-002,VALVE
NTPC-MAT-VAL-01212,VLV GLOBE 2 IN # 300 CARBON_STEEL FLANGED,EA,TATA,PN-VAL-002,VALVE
NTPC-MAT-VAL-01213,VALVE GLOBE 2 IN CLASS 300 BODY CARBON_STEEL,EA,L&T,PN-VAL-002,VALVE
NTPC-MAT-VAL-01214,FLANGED GLOBE VALVE 2 IN CL 300,MTR,UNBRAKO,PN-VAL-002,VALVE
NTPC-MAT-VAL-01215,VALVE GLOBE 2 IN CLASS 300 CARBON_STEEL FLANGED,PC,GENERIC,PN-VAL-002,VALVE
NTPC-MAT-VAL-01216,GLOBE VALVE 2 IN CL 300 CARBON_STEEL,PC,GENERIC,PN-VAL-002,VALVE
NTPC-MAT-VAL-01217,VALVE CHECK 3 IN CLASS 150 SS316 FLANGED,EA,SKF,PN-VAL-003,VALVE
NTPC-MAT-VAL-01218,CHECK VALVE 3 IN CL 150 SS316,KG,UNBRAKO,PN-VAL-003,VALVE
NTPC-MAT-VAL-01219,VLV CHECK 3 IN # 150 SS316 FLANGED,NOS,FAG,PN-VAL-003,VALVE
NTPC-MAT-VAL-01220,VALVE CHECK 3 IN CLASS 150 BODY SS316,SET,HAVELS,PN-VAL-003,VALVE
NTPC-MAT-VAL-01221,FLANGED CHECK VALVE 3 IN CL 150,SET,HAVELS,PN-VAL-003,VALVE
NTPC-MAT-VAL-01222,VALVE CHECK 3 IN CLASS 150 SS316 FLANGED,PC,L&T,PN-VAL-003,VALVE
NTPC-MAT-VAL-01223,CHECK VALVE 3 IN CL 150 SS316,MTR,HAVELS,PN-VAL-003,VALVE
NTPC-MAT-VAL-01224,VLV CHECK 3 IN # 150 SS316 FLANGED,SET,L&T,PN-VAL-003,VALVE
NTPC-MAT-VAL-01225,VALVE CHECK 3 IN CLASS 150 BODY SS316,KG,GENERIC,PN-VAL-003,VALVE
NTPC-MAT-VAL-01226,FLANGED CHECK VALVE 3 IN CL 150,PC,GENERIC,PN-VAL-003,VALVE
NTPC-MAT-VAL-01227,VALVE CHECK 3 IN CLASS 150 SS316 FLANGED,SET,SKF,PN-VAL-003,VALVE
NTPC-MAT-VAL-01228,CHECK VALVE 3 IN CL 150 SS316,NOS,UNBRAKO,PN-VAL-003,VALVE
NTPC-MAT-VAL-01229,VALVE BALL 1 IN CLASS 800 FORGED_STEEL SOCKET_WELD,KG,HAVELS,PN-VAL-004,VALVE
NTPC-MAT-VAL-01230,BALL VALVE 1 IN CL 800 FORGED_STEEL,MTR,L&T,PN-VAL-004,VALVE
NTPC-MAT-VAL-01231,VLV BALL 1 IN # 800 FORGED_STEEL SOCKET_WELD,KG,GENERIC,PN-VAL-004,VALVE
NTPC-MAT-VAL-01232,VALVE BALL 1 IN CLASS 800 BODY FORGED_STEEL,PC,UNBRAKO,PN-VAL-004,VALVE
NTPC-MAT-VAL-01233,FLANGED BALL VALVE 1 IN CL 800,EA,GENERIC,PN-VAL-004,VALVE
NTPC-MAT-VAL-01234,VALVE BALL 1 IN CLASS 800 FORGED_STEEL SOCKET_WELD,PC,L&T,PN-VAL-004,VALVE
NTPC-MAT-VAL-01235,BALL VALVE 1 IN CL 800 FORGED_STEEL,NOS,L&T,PN-VAL-004,VALVE
NTPC-MAT-VAL-01236,VLV BALL 1 IN # 800 FORGED_STEEL SOCKET_WELD,PC,HAVELS,PN-VAL-004,VALVE
NTPC-MAT-VAL-01237,VALVE BALL 1 IN CLASS 800 BODY FORGED_STEEL,EA,GENERIC,PN-VAL-004,VALVE
NTPC-MAT-VAL-01238,FLANGED BALL VALVE 1 IN CL 800,KG,HAVELS,PN-VAL-004,VALVE
NTPC-MAT-VAL-01239,VALVE BALL 1 IN CLASS 800 FORGED_STEEL SOCKET_WELD,SET,FAG,PN-VAL-004,VALVE
NTPC-MAT-VAL-01240,BALL VALVE 1 IN CL 800 FORGED_STEEL,KG,SKF,PN-VAL-004,VALVE
NTPC-MAT-GAS-01241,GASKET SPIRAL WOUND 4 IN CLASS 150 SS304,EA,TATA,PN-GAS-000,GASKET
NTPC-MAT-GAS-01242,GSKT SPIRAL WOUND 4 IN CL150 SS304,SET,HAVELS,PN-GAS-000,GASKET
NTPC-MAT-GAS-01243,SPIRAL WOUND GASKET 4 IN 150 # SS304,PC,TATA,PN-GAS-000,GASKET
NTPC-MAT-GAS-01244,GASKET 4 IN 150 LB SS304,NOS,SKF,PN-GAS-000,GASKET
NTPC-MAT-GAS-01245,GASKET 4 IN 150 LB SS304,KG,SKF,PN-GAS-000,GASKET
NTPC-MAT-GAS-01246,GASKET SPIRAL WOUND 4 IN CLASS 150 SS304,EA,SKF,PN-GAS-000,GASKET
NTPC-MAT-GAS-01247,GSKT SPIRAL WOUND 4 IN CL150 SS304,PC,UNBRAKO,PN-GAS-000,GASKET
NTPC-MAT-GAS-01248,SPIRAL WOUND GASKET 4 IN 150 # SS304,SET,L&T,PN-GAS-000,GASKET
NTPC-MAT-GAS-01249,GASKET 4 IN 150 LB SS304,NOS,FAG,PN-GAS-000,GASKET
NTPC-MAT-GAS-01250,GASKET 4 IN 150 LB SS304,SET,UNBRAKO,PN-GAS-000,GASKET
NTPC-MAT-GAS-01251,GASKET SPIRAL WOUND 4 IN CLASS 150 SS304,SET,HAVELS,PN-GAS-000,GASKET
NTPC-MAT-GAS-01252,GSKT SPIRAL WOUND 4 IN CL150 SS304,NOS,SKF,PN-GAS-000,GASKET
NTPC-MAT-GAS-01253,GASKET SPIRAL WOUND 4 IN CLASS 300 SS304,SET,GENERIC,PN-GAS-001,GASKET
NTPC-MAT-GAS-01254,GSKT SPIRAL WOUND 4 IN CL300 SS304,NOS,FAG,PN-GAS-001,GASKET
NTPC-MAT-GAS-01255,SPIRAL WOUND GASKET 4 IN 300 # SS304,EA,UNBRAKO,PN-GAS-001,GASKET
NTPC-MAT-GAS-01256,GASKET 4 IN 300 LB SS304,EA,GENERIC,PN-GAS-001,GASKET
NTPC-MAT-GAS-01257,GASKET 4 IN 300 LB SS304,EA,SKF,PN-GAS-001,GASKET
NTPC-MAT-GAS-01258,GASKET SPIRAL WOUND 4 IN CLASS 300 SS304,EA,GENERIC,PN-GAS-001,GASKET
NTPC-MAT-GAS-01259,GSKT SPIRAL WOUND 4 IN CL300 SS304,KG,HAVELS,PN-GAS-001,GASKET
NTPC-MAT-GAS-01260,SPIRAL WOUND GASKET 4 IN 300 # SS304,SET,UNBRAKO,PN-GAS-001,GASKET
NTPC-MAT-GAS-01261,GASKET 4 IN 300 LB SS304,NOS,SKF,PN-GAS-001,GASKET
NTPC-MAT-GAS-01262,GASKET 4 IN 300 LB SS304,NOS,UNBRAKO,PN-GAS-001,GASKET
NTPC-MAT-GAS-01263,GASKET SPIRAL WOUND 4 IN CLASS 300 SS304,MTR,L&T,PN-GAS-001,GASKET
NTPC-MAT-GAS-01264,GSKT SPIRAL WOUND 4 IN CL300 SS304,SET,GENERIC,PN-GAS-001,GASKET
NTPC-MAT-GAS-01265,GASKET FLAT RING 2 IN CLASS 150 CAF,MTR,TATA,PN-GAS-002,GASKET
NTPC-MAT-GAS-01266,GSKT FLAT RING 2 IN CL150 CAF,KG,UNBRAKO,PN-GAS-002,GASKET
NTPC-MAT-GAS-01267,SPIRAL WOUND GASKET 2 IN 150 # CAF,KG,FAG,PN-GAS-002,GASKET
NTPC-MAT-GAS-01268,GASKET 2 IN 150 LB CAF,PC,SKF,PN-GAS-002,GASKET
NTPC-MAT-GAS-01269,GASKET 2 IN 150 LB CAF,KG,L&T,PN-GAS-002,GASKET
NTPC-MAT-GAS-01270,GASKET FLAT RING 2 IN CLASS 150 CAF,NOS,L&T,PN-GAS-002,GASKET
NTPC-MAT-GAS-01271,GSKT FLAT RING 2 IN CL150 CAF,PC,UNBRAKO,PN-GAS-002,GASKET
NTPC-MAT-GAS-01272,SPIRAL WOUND GASKET 2 IN 150 # CAF,KG,HAVELS,PN-GAS-002,GASKET
NTPC-MAT-GAS-01273,GASKET 2 IN 150 LB CAF,MTR,FAG,PN-GAS-002,GASKET
NTPC-MAT-GAS-01274,GASKET 2 IN 150 LB CAF,NOS,HAVELS,PN-GAS-002,GASKET
NTPC-MAT-GAS-01275,GASKET FLAT RING 2 IN CLASS 150 CAF,PC,SKF,PN-GAS-002,GASKET
NTPC-MAT-GAS-01276,GSKT FLAT RING 2 IN CL150 CAF,EA,TATA,PN-GAS-002,GASKET
NTPC-MAT-GAS-01277,GASKET RTJ 3 IN CLASS 600 SS316,NOS,L&T,PN-GAS-003,GASKET
NTPC-MAT-GAS-01278,GSKT RTJ 3 IN CL600 SS316,MTR,TATA,PN-GAS-003,GASKET
NTPC-MAT-GAS-01279,SPIRAL WOUND GASKET 3 IN 600 # SS316,KG,GENERIC,PN-GAS-003,GASKET
NTPC-MAT-GAS-01280,GASKET 3 IN 600 LB SS316,SET,SKF,PN-GAS-003,GASKET
NTPC-MAT-GAS-01281,GASKET 3 IN 600 LB SS316,KG,GENERIC,PN-GAS-003,GASKET
NTPC-MAT-GAS-01282,GASKET RTJ 3 IN CLASS 600 SS316,SET,GENERIC,PN-GAS-003,GASKET
NTPC-MAT-GAS-01283,GSKT RTJ 3 IN CL600 SS316,PC,GENERIC,PN-GAS-003,GASKET
NTPC-MAT-GAS-01284,SPIRAL WOUND GASKET 3 IN 600 # SS316,EA,GENERIC,PN-GAS-003,GASKET
NTPC-MAT-GAS-01285,GASKET 3 IN 600 LB SS316,PC,L&T,PN-GAS-003,GASKET
NTPC-MAT-GAS-01286,GASKET 3 IN 600 LB SS316,NOS,GENERIC,PN-GAS-003,GASKET
NTPC-MAT-GAS-01287,GASKET RTJ 3 IN CLASS 600 SS316,SET,UNBRAKO,PN-GAS-003,GASKET
NTPC-MAT-GAS-01288,GSKT RTJ 3 IN CL600 SS316,NOS,FAG,PN-GAS-003,GASKET
NTPC-MAT-GAS-01289,GASKET FULL FACE 6 IN CLASS 150 EPDM,SET,UNBRAKO,PN-GAS-004,GASKET
NTPC-MAT-GAS-01290,GSKT FULL FACE 6 IN CL150 EPDM,KG,HAVELS,PN-GAS-004,GASKET
NTPC-MAT-GAS-01291,SPIRAL WOUND GASKET 6 IN 150 # EPDM,PC,GENERIC,PN-GAS-004,GASKET
NTPC-MAT-GAS-01292,GASKET 6 IN 150 LB EPDM,MTR,UNBRAKO,PN-GAS-004,GASKET
NTPC-MAT-GAS-01293,GASKET 6 IN 150 LB EPDM,EA,L&T,PN-GAS-004,GASKET
NTPC-MAT-GAS-01294,GASKET FULL FACE 6 IN CLASS 150 EPDM,NOS,GENERIC,PN-GAS-004,GASKET
NTPC-MAT-GAS-01295,GSKT FULL FACE 6 IN CL150 EPDM,EA,FAG,PN-GAS-004,GASKET
NTPC-MAT-GAS-01296,SPIRAL WOUND GASKET 6 IN 150 # EPDM,SET,L&T,PN-GAS-004,GASKET
NTPC-MAT-GAS-01297,GASKET 6 IN 150 LB EPDM,PC,FAG,PN-GAS-004,GASKET
NTPC-MAT-GAS-01298,GASKET 6 IN 150 LB EPDM,SET,TATA,PN-GAS-004,GASKET
NTPC-MAT-GAS-01299,GASKET FULL FACE 6 IN CLASS 150 EPDM,NOS,L&T,PN-GAS-004,GASKET
NTPC-MAT-GAS-01300,GSKT FULL FACE 6 IN CL150 EPDM,SET,GENERIC,PN-GAS-004,GASKET
NTPC-MAT-CAB-01301,CABLE 4C X 16 SQMM COPPER XLPE 1.1KV ARMOURED,KG,UNBRAKO,PN-CAB-000,CABLE
NTPC-MAT-CAB-01302,CBL 4 CORE 16 MM2 COPPER 1.1KV ARMOURED,KG,HAVELS,PN-CAB-000,CABLE
NTPC-MAT-CAB-01303,CABLE 4C * 16 SQMM COPPER XLPE 1.1KV,NOS,SKF,PN-CAB-000,CABLE
NTPC-MAT-CAB-01304,POWER CABLE 4C X 16 SQMM COPPER 1.1KV,KG,TATA,PN-CAB-000,CABLE
NTPC-MAT-CAB-01305,POWER CABLE 4C X 16 SQMM COPPER 1.1KV,PC,TATA,PN-CAB-000,CABLE
NTPC-MAT-CAB-01306,CABLE 4C X 16 SQMM COPPER XLPE 1.1KV ARMOURED,PC,L&T,PN-CAB-000,CABLE
NTPC-MAT-CAB-01307,CBL 4 CORE 16 MM2 COPPER 1.1KV ARMOURED,NOS,GENERIC,PN-CAB-000,CABLE
NTPC-MAT-CAB-01308,CABLE 4C * 16 SQMM COPPER XLPE 1.1KV,KG,SKF,PN-CAB-000,CABLE
NTPC-MAT-CAB-01309,POWER CABLE 4C X 16 SQMM COPPER 1.1KV,KG,FAG,PN-CAB-000,CABLE
NTPC-MAT-CAB-01310,POWER CABLE 4C X 16 SQMM COPPER 1.1KV,SET,HAVELS,PN-CAB-000,CABLE
NTPC-MAT-CAB-01311,CABLE 4C X 16 SQMM COPPER XLPE 1.1KV ARMOURED,KG,FAG,PN-CAB-000,CABLE
NTPC-MAT-CAB-01312,CBL 4 CORE 16 MM2 COPPER 1.1KV ARMOURED,PC,SKF,PN-CAB-000,CABLE
NTPC-MAT-CAB-01313,CABLE 3.5C X 16 SQMM COPPER XLPE 1.1KV ARMOURED,SET,L&T,PN-CAB-001,CABLE
NTPC-MAT-CAB-01314,CBL 3.5 CORE 16 MM2 COPPER 1.1KV ARMOURED,SET,UNBRAKO,PN-CAB-001,CABLE
NTPC-MAT-CAB-01315,CABLE 3.5C * 16 SQMM COPPER XLPE 1.1KV,KG,GENERIC,PN-CAB-001,CABLE
NTPC-MAT-CAB-01316,POWER CABLE 3.5C X 16 SQMM COPPER 1.1KV,MTR,GENERIC,PN-CAB-001,CABLE
NTPC-MAT-CAB-01317,POWER CABLE 3.5C X 16 SQMM COPPER 1.1KV,MTR,HAVELS,PN-CAB-001,CABLE
NTPC-MAT-CAB-01318,CABLE 3.5C X 16 SQMM COPPER XLPE 1.1KV ARMOURED,EA,GENERIC,PN-CAB-001,CABLE
NTPC-MAT-CAB-01319,CBL 3.5 CORE 16 MM2 COPPER 1.1KV ARMOURED,NOS,L&T,PN-CAB-001,CABLE
NTPC-MAT-CAB-01320,CABLE 3.5C * 16 SQMM COPPER XLPE 1.1KV,SET,GENERIC,PN-CAB-001,CABLE
NTPC-MAT-CAB-01321,POWER CABLE 3.5C X 16 SQMM COPPER 1.1KV,SET,SKF,PN-CAB-001,CABLE
NTPC-MAT-CAB-01322,POWER CABLE 3.5C X 16 SQMM COPPER 1.1KV,KG,TATA,PN-CAB-001,CABLE
NTPC-MAT-CAB-01323,CABLE 3.5C X 16 SQMM COPPER XLPE 1.1KV ARMOURED,PC,GENERIC,PN-CAB-001,CABLE
NTPC-MAT-CAB-01324,CBL 3.5 CORE 16 MM2 COPPER 1.1KV ARMOURED,KG,FAG,PN-CAB-001,CABLE
NTPC-MAT-CAB-01325,CABLE 3.5C X 95 SQMM ALUMINIUM XLPE 1.1KV ARMOURED,EA,HAVELS,PN-CAB-002,CABLE
NTPC-MAT-CAB-01326,CBL 3.5 CORE 95 MM2 ALUMINIUM 1.1KV ARMOURED,KG,UNBRAKO,PN-CAB-002,CABLE
NTPC-MAT-CAB-01327,CABLE 3.5C * 95 SQMM ALUMINIUM XLPE 1.1KV,KG,HAVELS,PN-CAB-002,CABLE
NTPC-MAT-CAB-01328,POWER CABLE 3.5C X 95 SQMM ALUMINIUM 1.1KV,EA,UNBRAKO,PN-CAB-002,CABLE
NTPC-MAT-CAB-01329,POWER CABLE 3.5C X 95 SQMM ALUMINIUM 1.1KV,NOS,SKF,PN-CAB-002,CABLE
NTPC-MAT-CAB-01330,CABLE 3.5C X 95 SQMM ALUMINIUM XLPE 1.1KV ARMOURED,EA,L&T,PN-CAB-002,CABLE
NTPC-MAT-CAB-01331,CBL 3.5 CORE 95 MM2 ALUMINIUM 1.1KV ARMOURED,KG,HAVELS,PN-CAB-002,CABLE
NTPC-MAT-CAB-01332,CABLE 3.5C * 95 SQMM ALUMINIUM XLPE 1.1KV,NOS,TATA,PN-CAB-002,CABLE
NTPC-MAT-CAB-01333,POWER CABLE 3.5C X 95 SQMM ALUMINIUM 1.1KV,KG,L&T,PN-CAB-002,CABLE
NTPC-MAT-CAB-01334,POWER CABLE 3.5C X 95 SQMM ALUMINIUM 1.1KV,SET,L&T,PN-CAB-002,CABLE
NTPC-MAT-CAB-01335,CABLE 3.5C X 95 SQMM ALUMINIUM XLPE 1.1KV ARMOURED,EA,SKF,PN-CAB-002,CABLE
NTPC-MAT-CAB-01336,CBL 3.5 CORE 95 MM2 ALUMINIUM 1.1KV ARMOURED,MTR,SKF,PN-CAB-002,CABLE
NTPC-MAT-CAB-01337,CABLE 2C X 2.5 SQMM COPPER PVC 1.1KV UNARMOURED,PC,TATA,PN-CAB-003,CABLE
NTPC-MAT-CAB-01338,CBL 2 CORE 2.5 MM2 COPPER 1.1KV UNARMOURED,KG,TATA,PN-CAB-003,CABLE
NTPC-MAT-CAB-01339,CABLE 2C * 2.5 SQMM COPPER PVC 1.1KV,KG,L&T,PN-CAB-003,CABLE
NTPC-MAT-CAB-01340,POWER CABLE 2C X 2.5 SQMM COPPER 1.1KV,NOS,GENERIC,PN-CAB-003,CABLE
NTPC-MAT-CAB-01341,POWER CABLE 2C X 2.5 SQMM COPPER 1.1KV,PC,HAVELS,PN-CAB-003,CABLE
NTPC-MAT-CAB-01342,CABLE 2C X 2.5 SQMM COPPER PVC 1.1KV UNARMOURED,SET,HAVELS,PN-CAB-003,CABLE
NTPC-MAT-CAB-01343,CBL 2 CORE 2.5 MM2 COPPER 1.1KV UNARMOURED,KG,FAG,PN-CAB-003,CABLE
NTPC-MAT-CAB-01344,CABLE 2C * 2.5 SQMM COPPER PVC 1.1KV,SET,FAG,PN-CAB-003,CABLE
NTPC-MAT-CAB-01345,POWER CABLE 2C X 2.5 SQMM COPPER 1.1KV,PC,GENERIC,PN-CAB-003,CABLE
NTPC-MAT-CAB-01346,POWER CABLE 2C X 2.5 SQMM COPPER 1.1KV,PC,L&T,PN-CAB-003,CABLE
NTPC-MAT-CAB-01347,CABLE 2C X 2.5 SQMM COPPER PVC 1.1KV UNARMOURED,NOS,SKF,PN-CAB-003,CABLE
NTPC-MAT-CAB-01348,CBL 2 CORE 2.5 MM2 COPPER 1.1KV UNARMOURED,PC,FAG,PN-CAB-003,CABLE
NTPC-MAT-CAB-01349,CABLE 3C X 185 SQMM ALUMINIUM XLPE 11KV ARMOURED,PC,L&T,PN-CAB-004,CABLE
NTPC-MAT-CAB-01350,CBL 3 CORE 185 MM2 ALUMINIUM 11KV ARMOURED,MTR,FAG,PN-CAB-004,CABLE
NTPC-MAT-CAB-01351,CABLE 3C * 185 SQMM ALUMINIUM XLPE 11KV,NOS,FAG,PN-CAB-004,CABLE
NTPC-MAT-CAB-01352,POWER CABLE 3C X 185 SQMM ALUMINIUM 11KV,PC,UNBRAKO,PN-CAB-004,CABLE
NTPC-MAT-CAB-01353,POWER CABLE 3C X 185 SQMM ALUMINIUM 11KV,MTR,UNBRAKO,PN-CAB-004,CABLE
NTPC-MAT-CAB-01354,CABLE 3C X 185 SQMM ALUMINIUM XLPE 11KV ARMOURED,KG,SKF,PN-CAB-004,CABLE
NTPC-MAT-CAB-01355,CBL 3 CORE 185 MM2 ALUMINIUM 11KV ARMOURED,NOS,L&T,PN-CAB-004,CABLE
NTPC-MAT-CAB-01356,CABLE 3C * 185 SQMM ALUMINIUM XLPE 11KV,NOS,FAG,PN-CAB-004,CABLE
NTPC-MAT-CAB-01357,POWER CABLE 3C X 185 SQMM ALUMINIUM 11KV,EA,UNBRAKO,PN-CAB-004,CABLE
NTPC-MAT-CAB-01358,POWER CABLE 3C X 185 SQMM ALUMINIUM 11KV,EA,TATA,PN-CAB-004,CABLE
NTPC-MAT-CAB-01359,CABLE 3C X 185 SQMM ALUMINIUM XLPE 11KV ARMOURED,NOS,UNBRAKO,PN-CAB-004,CABLE
NTPC-MAT-CAB-01360,CBL 3 CORE 185 MM2 ALUMINIUM 11KV ARMOURED,SET,TATA,PN-CAB-004,CABLE
